source_family,feature_family,parent_size_bin,sibling_projection_dimension,edge_action_bin,tail_law_role,alpha,n_records,n_matching_simulations,record_tail_resolution,matching_simulation_tail_resolution,required_min_matching_simulations,required_min_matched_records,max_exceedance_standard_error,selected_ratio_mean,selected_ratio_median,selected_ratio_trainless_q90,selected_ratio_trainless_q95,selected_ratio_trainless_q99,production_tail_law_admissible,tail_law_admissibility_failure_reasons,n_train_rows_across_folds,n_test_rows_across_folds,n_used_folds,tail_threshold_mean,tail_threshold_median,heldout_exceedance_rate,heldout_exceedance_absolute_error,heldout_exceedance_standard_error,tail_law_status,tail_law_failure_reasons
binary_template,bernoulli,large_0.5_0.75,1,edge_action_2_4,descriptive_selected_ratio_tail_law_not_calibration,0.01,2,2,0.3333333333333333,0.3333333333333333,499,499,0.002,10.890077489965503,10.890077489965503,13.356164640965225,13.66442553484019,13.911034249940162,False,matching_simulations_below_tail_resolution_contract;matched_records_below_tail_resolution_contract;heldout_exceedance_se_above_contract,2,2,0,,,,,,no_valid_tail_law_folds,fold_0:insufficient_train_simulations;fold_1:insufficient_train_simulations
binary_template,bernoulli,large_0.5_0.75,1,edge_action_4_6,descriptive_selected_ratio_tail_law_not_calibration,0.01,2,2,0.3333333333333333,0.3333333333333333,499,499,0.002,22.811871570887448,22.811871570887448,24.079064207458252,24.237463287029605,24.364182550686685,False,matching_simulations_below_tail_resolution_contract;matched_records_below_tail_resolution_contract;heldout_exceedance_se_above_contract,2,2,0,,,,,,no_valid_tail_law_folds,fold_0:insufficient_train_simulations;fold_1:insufficient_train_simulations
binary_template,bernoulli,large_0.5_0.75,1,edge_action_6_8,descriptive_selected_ratio_tail_law_not_calibration,0.01,1,1,0.5,0.5,499,499,0.002,28.21753720792017,28.21753720792017,28.21753720792017,28.21753720792017,28.21753720792017,False,matching_simulations_below_tail_resolution_contract;matched_records_below_tail_resolution_contract;heldout_exceedance_se_above_contract,0,1,0,,,,,,no_valid_tail_law_folds,fold_0:insufficient_train_simulations
binary_template,bernoulli,large_0.5_0.75,1,edge_action_ge8,descriptive_selected_ratio_tail_law_not_calibration,0.01,1,1,0.5,0.5,499,499,0.002,5.708740805659189,5.708740805659189,5.708740805659189,5.708740805659189,5.708740805659189,False,matching_simulations_below_tail_resolution_contract;matched_records_below_tail_resolution_contract;heldout_exceedance_se_above_contract,0,1,0,,,,,,no_valid_tail_law_folds,fold_0:insufficient_train_simulations
binary_template,bernoulli,large_0.5_0.75,2,edge_action_2_4,descriptive_selected_ratio_tail_law_not_calibration,0.01,8,8,0.1111111111111111,0.1111111111111111,499,499,0.002,7.649587575135895,7.4438150423433935,8.56214184244128,8.630605800858007,8.685376967591386,False,matching_simulations_below_tail_resolution_contract;matched_records_below_tail_resolution_contract;heldout_exceedance_se_above_contract,32,8,0,,,,,,no_valid_tail_law_folds,fold_0:insufficient_train_simulations;fold_1:insufficient_train_simulations;fold_2:insufficient_train_simulations;fold_3:insufficient_train_simulations;fold_4:insufficient_train_simulations
binary_template,bernoulli,large_0.5_0.75,2,edge_action_4_6,descriptive_selected_ratio_tail_law_not_calibration,0.01,11,8,0.08333333333333333,0.1111111111111111,499,499,0.002,11.401238418979718,10.856556936616,13.213293793566091,13.258708953831828,13.295041082044417,False,matching_simulations_below_tail_resolution_contract;matched_records_below_tail_resolution_contract;heldout_exceedance_se_above_contract,44,11,0,,,,,,no_valid_tail_law_folds,fold_0:insufficient_train_simulations;fold_1:insufficient_train_simulations;fold_2:insufficient_train_simulations;fold_3:insufficient_train_simulations;fold_4:insufficient_train_simulations
binary_template,bernoulli,large_0.5_0.75,2,edge_action_6_8,descriptive_selected_ratio_tail_law_not_calibration,0.01,10,9,0.09090909090909091,0.1,499,499,0.002,16.138409454150136,16.30939717301932,17.528924304100524,17.869157318777134,18.141343730518418,False,matching_simulations_below_tail_resolution_contract;matched_records_below_tail_resolution_contract;heldout_exceedance_se_above_contract,40,10,0,,,,,,no_valid_tail_law_folds,fold_0:insufficient_train_simulations;fold_1:insufficient_train_simulations;fold_2:insufficient_train_simulations;fold_3:insufficient_train_simulations;fold_4:insufficient_train_simulations
binary_template,bernoulli,large_0.5_0.75,2,edge_action_ge8,descriptive_selected_ratio_tail_law_not_calibration,0.01,120,63,0.008264462809917356,0.015625,499,499,0.002,47.30410865937659,43.963145143118425,77.73472235958698,85.67912700580804,92.73300346937435,False,matching_simulations_below_tail_resolution_contract;matched_records_below_tail_resolution_contract;heldout_exceedance_se_above_contract,480,120,5,92.1644007069806,93.30445965603536,0.03333333333333333,0.02333333333333333,0.016386534670836252,descriptive_holdout_tail_law,
binary_template,bernoulli,medium_0.25_0.5,1,edge_action_4_6,descriptive_selected_ratio_tail_law_not_calibration,0.01,3,2,0.25,0.3333333333333333,499,499,0.002,9.843246172879773,10.129126188240562,16.803988051923024,17.63834578488333,18.30583197125158,False,matching_simulations_below_tail_resolution_contract;matched_records_below_tail_resolution_contract;heldout_exceedance_se_above_contract,3,3,0,,,,,,no_valid_tail_law_folds,fold_0:insufficient_train_simulations;fold_1:insufficient_train_simulations
binary_template,bernoulli,medium_0.25_0.5,1,edge_action_ge8,descriptive_selected_ratio_tail_law_not_calibration,0.01,5,5,0.16666666666666666,0.16666666666666666,499,499,0.002,29.534053825252755,10.267244750942002,63.32987498904056,65.15832397676209,66.62108316693933,False,matching_simulations_below_tail_resolution_contract;matched_records_below_tail_resolution_contract;heldout_exceedance_se_above_contract,20,5,0,,,,,,no_valid_tail_law_folds,fold_0:insufficient_train_simulations;fold_1:insufficient_train_simulations;fold_2:insufficient_train_simulations;fold_3:insufficient_train_simulations;fold_4:insufficient_train_simulations
binary_template,bernoulli,medium_0.25_0.5,2,edge_action_2_4,descriptive_selected_ratio_tail_law_not_calibration,0.01,1,1,0.5,0.5,499,499,0.002,7.994862129063739,7.994862129063739,7.994862129063739,7.994862129063739,7.994862129063739,False,matching_simulations_below_tail_resolution_contract;matched_records_below_tail_resolution_contract;heldout_exceedance_se_above_contract,0,1,0,,,,,,no_valid_tail_law_folds,fold_0:insufficient_train_simulations
binary_template,bernoulli,medium_0.25_0.5,2,edge_action_4_6,descriptive_selected_ratio_tail_law_not_calibration,0.01,3,3,0.25,0.25,499,499,0.002,11.691688950573598,11.979831666491531,13.360378920914552,13.53294732771743,13.671002053159732,False,matching_simulations_below_tail_resolution_contract;matched_records_below_tail_resolution_contract;heldout_exceedance_se_above_contract,6,3,0,,,,,,no_valid_tail_law_folds,fold_0:insufficient_train_simulations;fold_1:insufficient_train_simulations;fold_2:insufficient_train_simulations
binary_template,bernoulli,medium_0.25_0.5,2,edge_action_6_8,descriptive_selected_ratio_tail_law_not_calibration,0.01,4,4,0.2,0.2,499,499,0.002,15.699823058803107,15.683801221836678,16.051321897982927,16.111094195710443,16.158912033892456,False,matching_simulations_below_tail_resolution_contract;matched_records_below_tail_resolution_contract;heldout_exceedance_se_above_contract,12,4,0,,,,,,no_valid_tail_law_folds,fold_0:insufficient_train_simulations;fold_1:insufficient_train_simulations;fold_2:insufficient_train_simulations;fold_3:insufficient_train_simulations
binary_template,bernoulli,medium_0.25_0.5,2,edge_action_ge8,descriptive_selected_ratio_tail_law_not_calibration,0.01,113,49,0.008771929824561403,0.02,499,499,0.002,54.16419307895261,54.61312584838939,77.38032760869274,83.65665304557261,88.60072462600978,False,matching_simulations_below_tail_resolution_contract;matched_records_below_tail_resolution_contract;heldout_exceedance_se_above_contract,452,113,5,88.70218131642119,89.09764220769095,0.017699115044247787,0.007699115044247787,0.012403916156829196,descriptive_holdout_tail_law,
binary_template,bernoulli,root_0.75_1,1,edge_action_2_4,descriptive_selected_ratio_tail_law_not_calibration,0.01,71,69,0.013888888888888888,0.014285714285714285,499,499,0.002,7.544035956221579,7.12978301210401,14.864537894610791,15.421300471301048,16.311444702951256,False,matching_simulations_below_tail_resolution_contract;matched_records_below_tail_resolution_contract;heldout_exceedance_se_above_contract,284,71,5,16.22520337753989,16.406158304218494,0.04225352112676056,0.03225352112676056,0.023874130344503686,descriptive_holdout_tail_law,
binary_template,bernoulli,root_0.75_1,1,edge_action_4_6,descriptive_selected_ratio_tail_law_not_calibration,0.01,89,82,0.011111111111111112,0.012048192771084338,499,499,0.002,11.319982503915012,12.2343737499262,21.730331505206678,22.94639868714409,25.721213170675668,False,matching_simulations_below_tail_resolution_contract;matched_records_below_tail_resolution_contract;heldout_exceedance_se_above_contract,356,89,5,25.537682443435205,25.9436806238536,0.033707865168539325,0.023707865168539323,0.01913043489474325,descriptive_holdout_tail_law,
binary_template,bernoulli,root_0.75_1,1,edge_action_6_8,descriptive_selected_ratio_tail_law_not_calibration,0.01,46,45,0.02127659574468085,0.021739130434782608,499,499,0.002,17.556055324315363,14.996566878476376,32.28196205277128,34.632012581472665,35.57880744423253,False,matching_simulations_below_tail_resolution_contract;matched_records_below_tail_resolution_contract;heldout_exceedance_se_above_contract,184,46,5,35.52566045050282,35.68594502434625,0.021739130434782608,0.011739130434782608,0.021501537175949575,descriptive_holdout_tail_law,
binary_template,bernoulli,root_0.75_1,1,edge_action_ge8,descriptive_selected_ratio_tail_law_not_calibration,0.01,82,75,0.012048192771084338,0.013157894736842105,499,499,0.002,28.228465039000557,21.054624489653172,58.434693377615574,69.03957863473441,117.34623828902774,False,matching_simulations_below_tail_resolution_contract;matched_records_below_tail_resolution_contract;heldout_exceedance_se_above_contract,328,82,5,116.19174291743484,118.1591287323626,0.024390243902439025,0.014390243902439025,0.01703488526267264,descriptive_holdout_tail_law,
binary_template,bernoulli,root_0.75_1,2,edge_action_2_4,descriptive_selected_ratio_tail_law_not_calibration,0.01,145,136,0.00684931506849315,0.0072992700729927005,499,499,0.002,8.077628360420723,8.132876740651774,8.98822528187372,9.080527034995896,9.151357876518809,False,matching_simulations_below_tail_resolution_contract;matched_records_below_tail_resolution_contract;heldout_exceedance_se_above_contract,580,145,5,9.150268727136218,9.152329933166556,0.013793103448275862,0.0037931034482758617,0.00968569999803871,descriptive_holdout_tail_law,
binary_template,bernoulli,root_0.75_1,2,edge_action_4_6,descriptive_selected_ratio_tail_law_not_calibration,0.01,201,172,0.0049504950495049506,0.005780346820809248,499,499,0.002,11.353086331307807,11.178835012509,13.390397170281126,13.568587743100132,13.759003228011755,False,matching_simulations_below_tail_resolution_contract;matched_records_below_tail_resolution_contract;heldout_exceedance_se_above_contract,804,201,5,13.754784698422247,13.751853177860049,0.014925373134328358,0.004925373134328358,0.008552619211607247,descriptive_holdout_tail_law,
binary_template,bernoulli,root_0.75_1,2,edge_action_6_8,descriptive_selected_ratio_tail_law_not_calibration,0.01,168,144,0.005917159763313609,0.006896551724137931,499,499,0.002,16.185854796637972,16.20473559285228,17.955326456279217,18.160576140333053,18.29065509914836,False,matching_simulations_below_tail_resolution_contract;matched_records_below_tail_resolution_contract;heldout_exceedance_se_above_contract,672,168,5,18.293214310438675,18.31170077898843,0.011904761904761904,0.001904761904761904,0.008367681076601763,descriptive_holdout_tail_law,
binary_template,bernoulli,root_0.75_1,2,edge_action_ge8,descriptive_selected_ratio_tail_law_not_calibration,0.01,492,290,0.002028397565922921,0.003436426116838488,499,499,0.002,34.31126694935613,30.545616286162904,53.044121334447404,61.20541793962154,77.99952568060017,False,matching_simulations_below_tail_resolution_contract;matched_records_below_tail_resolution_contract;heldout_exceedance_se_above_contract,1968,492,5,79.71022513849273,77.34653037834433,0.012195121951219513,0.0021951219512195124,0.004948187019516397,descriptive_holdout_tail_law,
binary_template,bernoulli,small_0_0.25,1,edge_action_ge8,descriptive_selected_ratio_tail_law_not_calibration,0.01,4619,423,0.00021645021645021645,0.0023584905660377358,499,499,0.002,67.82070376260575,65.40239548320525,88.10153370489809,95.02313346357009,107.07661814802971,False,matching_simulations_below_tail_resolution_contract,18476,4619,5,107.10299896775389,107.09617970399236,0.009958865555315003,4.113444468499712e-05,0.001461024750486498,descriptive_holdout_tail_law,
binary_template,bernoulli,small_0_0.25,2,edge_action_4_6,descriptive_selected_ratio_tail_law_not_calibration,0.01,3,3,0.25,0.25,499,499,0.002,11.72752908116795,11.914839508011942,12.594935089346562,12.679947037013388,12.747956595146851,False,matching_simulations_below_tail_resolution_contract;matched_records_below_tail_resolution_contract;heldout_exceedance_se_above_contract,6,3,0,,,,,,no_valid_tail_law_folds,fold_0:insufficient_train_simulations;fold_1:insufficient_train_simulations;fold_2:insufficient_train_simulations
binary_template,bernoulli,small_0_0.25,2,edge_action_6_8,descriptive_selected_ratio_tail_law_not_calibration,0.01,1,1,0.5,0.5,499,499,0.002,13.869081256630864,13.869081256630864,13.869081256630864,13.869081256630864,13.869081256630864,False,matching_simulations_below_tail_resolution_contract;matched_records_below_tail_resolution_contract;heldout_exceedance_se_above_contract,0,1,0,,,,,,no_valid_tail_law_folds,fold_0:insufficient_train_simulations
binary_template,bernoulli,small_0_0.25,2,edge_action_ge8,descriptive_selected_ratio_tail_law_not_calibration,0.01,896,178,0.0011148272017837235,0.00558659217877095,499,499,0.002,50.04259927693095,49.22037749750224,62.050343783404244,65.78595296444307,71.22887490615682,False,matching_simulations_below_tail_resolution_contract;heldout_exceedance_se_above_contract,3584,896,5,71.20877527966822,71.22887490615682,0.010044642857142858,4.464285714285768e-05,0.003331356036742976,descriptive_holdout_tail_law,
categorical_multinomial,categorical,large_0.5_0.75,1,edge_action_2_4,descriptive_selected_ratio_tail_law_not_calibration,0.01,3,3,0.25,0.25,499,499,0.002,16.487182980600053,16.349129432789347,17.504912803872358,17.649385725257734,17.764964062366033,False,matching_simulations_below_tail_resolution_contract;matched_records_below_tail_resolution_contract;heldout_exceedance_se_above_contract,6,3,0,,,,,,no_valid_tail_law_folds,fold_0:insufficient_train_simulations;fold_1:insufficient_train_simulations;fold_2:insufficient_train_simulations
categorical_multinomial,categorical,large_0.5_0.75,2,edge_action_2_4,descriptive_selected_ratio_tail_law_not_calibration,0.01,12,12,0.07692307692307693,0.07692307692307693,499,499,0.002,7.831372867375442,7.765444839412966,8.370332506590728,8.746369351744823,9.08796355916502,False,matching_simulations_below_tail_resolution_contract;matched_records_below_tail_resolution_contract;heldout_exceedance_se_above_contract,48,12,0,,,,,,no_valid_tail_law_folds,fold_0:insufficient_train_simulations;fold_1:insufficient_train_simulations;fold_2:insufficient_train_simulations;fold_3:insufficient_train_simulations;fold_4:insufficient_train_simulations
categorical_multinomial,categorical,large_0.5_0.75,2,edge_action_4_6,descriptive_selected_ratio_tail_law_not_calibration,0.01,24,24,0.04,0.04,499,499,0.002,11.435948683472134,11.311728500709151,13.358825164234641,13.441420676846679,13.443310634522009,False,matching_simulations_below_tail_resolution_contract;matched_records_below_tail_resolution_contract;heldout_exceedance_se_above_contract,96,24,1,13.441022050926252,13.441022050926252,0.25,0.24,0.21650635094610965,descriptive_holdout_tail_law,fold_0:insufficient_train_simulations;fold_1:insufficient_train_simulations;fold_2:insufficient_train_simulations;fold_3:insufficient_train_simulations
categorical_multinomial,categorical,large_0.5_0.75,2,edge_action_6_8,descriptive_selected_ratio_tail_law_not_calibration,0.01,21,21,0.045454545454545456,0.045454545454545456,499,499,0.002,15.913812923598476,16.02256512173493,17.121685802545386,17.462626980809727,18.11309814478676,False,matching_simulations_below_tail_resolution_contract;matched_records_below_tail_resolution_contract;heldout_exceedance_se_above_contract,84,21,0,,,,,,no_valid_tail_law_folds,fold_0:insufficient_train_simulations;fold_1:insufficient_train_simulations;fold_2:insufficient_train_simulations;fold_3:insufficient_train_simulations;fold_4:insufficient_train_simulations
categorical_multinomial,categorical,large_0.5_0.75,2,edge_action_ge8,descriptive_selected_ratio_tail_law_not_calibration,0.01,443,329,0.0022522522522522522,0.0030303030303030303,499,499,0.002,56.3017952877305,56.47640219459501,84.89876404497426,89.57892918285766,98.67915451290241,False,matching_simulations_below_tail_resolution_contract;matched_records_below_tail_resolution_contract;heldout_exceedance_se_above_contract,1772,443,5,98.54150040946459,98.57530680443278,0.013544018058690745,0.0035440180586907444,0.0054917499448853355,descriptive_holdout_tail_law,
categorical_multinomial,categorical,medium_0.25_0.5,1,edge_action_4_6,descriptive_selected_ratio_tail_law_not_calibration,0.01,2,2,0.3333333333333333,0.3333333333333333,499,499,0.002,5.380304194101601,5.380304194101601,9.452860055087825,9.961929537711104,10.369185123809727,False,matching_simulations_below_tail_resolution_contract;matched_records_below_tail_resolution_contract;heldout_exceedance_se_above_contract,2,2,0,,,,,,no_valid_tail_law_folds,fold_0:insufficient_train_simulations;fold_1:insufficient_train_simulations
categorical_multinomial,categorical,medium_0.25_0.5,1,edge_action_6_8,descriptive_selected_ratio_tail_law_not_calibration,0.01,1,1,0.5,0.5,499,499,0.002,5.88773518907327,5.88773518907327,5.88773518907327,5.88773518907327,5.88773518907327,False,matching_simulations_below_tail_resolution_contract;matched_records_below_tail_resolution_contract;heldout_exceedance_se_above_contract,0,1,0,,,,,,no_valid_tail_law_folds,fold_0:insufficient_train_simulations
categorical_multinomial,categorical,medium_0.25_0.5,1,edge_action_ge8,descriptive_selected_ratio_tail_law_not_calibration,0.01,3,3,0.25,0.25,499,499,0.002,9.130593121302168,10.484645426145487,15.333918407137542,15.940077529761549,16.425004827860754,False,matching_simulations_below_tail_resolution_contract;matched_records_below_tail_resolution_contract;heldout_exceedance_se_above_contract,6,3,0,,,,,,no_valid_tail_law_folds,fold_0:insufficient_train_simulations;fold_1:insufficient_train_simulations;fold_2:insufficient_train_simulations
categorical_multinomial,categorical,medium_0.25_0.5,2,edge_action_2_4,descriptive_selected_ratio_tail_law_not_calibration,0.01,7,7,0.125,0.125,499,499,0.002,7.737249080283568,7.395712415908606,8.599988573319344,8.755321788064862,8.879588359861275,False,matching_simulations_below_tail_resolution_contract;matched_records_below_tail_resolution_contract;heldout_exceedance_se_above_contract,28,7,0,,,,,,no_valid_tail_law_folds,fold_0:insufficient_train_simulations;fold_1:insufficient_train_simulations;fold_2:insufficient_train_simulations;fold_3:insufficient_train_simulations;fold_4:insufficient_train_simulations
categorical_multinomial,categorical,medium_0.25_0.5,2,edge_action_4_6,descriptive_selected_ratio_tail_law_not_calibration,0.01,18,18,0.05263157894736842,0.05263157894736842,499,499,0.002,11.649750944258123,11.075958926494128,13.224572084436446,13.69028110968711,13.75828950370785,False,matching_simulations_below_tail_resolution_contract;matched_records_below_tail_resolution_contract;heldout_exceedance_se_above_contract,72,18,0,,,,,,no_valid_tail_law_folds,fold_0:insufficient_train_simulations;fold_1:insufficient_train_simulations;fold_2:insufficient_train_simulations;fold_3:insufficient_train_simulations;fold_4:insufficient_train_simulations
categorical_multinomial,categorical,medium_0.25_0.5,2,edge_action_6_8,descriptive_selected_ratio_tail_law_not_calibration,0.01,12,12,0.07692307692307693,0.07692307692307693,499,499,0.002,16.549462535006228,16.743950095252355,17.925001498774712,17.995264774915615,18.021354551544235,False,matching_simulations_below_tail_resolution_contract;matched_records_below_tail_resolution_contract;heldout_exceedance_se_above_contract,48,12,0,,,,,,no_valid_tail_law_folds,fold_0:insufficient_train_simulations;fold_1:insufficient_train_simulations;fold_2:insufficient_train_simulations;fold_3:insufficient_train_simulations;fold_4:insufficient_train_simulations
categorical_multinomial,categorical,medium_0.25_0.5,2,edge_action_ge8,descriptive_selected_ratio_tail_law_not_calibration,0.01,917,393,0.0010893246187363835,0.0025380710659898475,499,499,0.002,60.80524392939554,63.86382788034517,83.5817980808713,88.6903656432651,94.33082905275644,False,matching_simulations_below_tail_resolution_contract;heldout_exceedance_se_above_contract,3668,917,5,94.87667743790016,94.31874982887199,0.010905125408942203,0.0009051254089422027,0.003429648720730593,descriptive_holdout_tail_law,
categorical_multinomial,categorical,root_0.75_1,1,edge_action_2_4,descriptive_selected_ratio_tail_law_not_calibration,0.01,20,20,0.047619047619047616,0.047619047619047616,499,499,0.002,9.11565237909929,10.734163953775102,14.971937963251532,15.332390680930734,15.570565393859237,False,matching_simulations_below_tail_resolution_contract;matched_records_below_tail_resolution_contract;heldout_exceedance_se_above_contract,80,20,0,,,,,,no_valid_tail_law_folds,fold_0:insufficient_train_simulations;fold_1:insufficient_train_simulations;fold_2:insufficient_train_simulations;fold_3:insufficient_train_simulations;fold_4:insufficient_train_simulations
categorical_multinomial,categorical,root_0.75_1,1,edge_action_4_6,descriptive_selected_ratio_tail_law_not_calibration,0.01,21,21,0.045454545454545456,0.045454545454545456,499,499,0.002,8.846528672245128,6.588504908362872,19.67750189499571,20.270257350375783,23.3992396980526,False,matching_simulations_below_tail_resolution_contract;matched_records_below_tail_resolution_contract;heldout_exceedance_se_above_contract,84,21,0,,,,,,no_valid_tail_law_folds,fold_0:insufficient_train_simulations;fold_1:insufficient_train_simulations;fold_2:insufficient_train_simulations;fold_3:insufficient_train_simulations;fold_4:insufficient_train_simulations
categorical_multinomial,categorical,root_0.75_1,1,edge_action_6_8,descriptive_selected_ratio_tail_law_not_calibration,0.01,10,10,0.09090909090909091,0.09090909090909091,499,499,0.002,12.49903433297236,7.2836657319552955,26.82852186533381,29.768924109103814,32.12124590411983,False,matching_simulations_below_tail_resolution_contract;matched_records_below_tail_resolution_contract;heldout_exceedance_se_above_contract,40,10,0,,,,,,no_valid_tail_law_folds,fold_0:insufficient_train_simulations;fold_1:insufficient_train_simulations;fold_2:insufficient_train_simulations;fold_3:insufficient_train_simulations;fold_4:insufficient_train_simulations
categorical_multinomial,categorical,root_0.75_1,1,edge_action_ge8,descriptive_selected_ratio_tail_law_not_calibration,0.01,7,7,0.125,0.125,499,499,0.002,29.349916790229194,26.77288261445901,44.066008831463975,44.87596381478192,45.52392780143628,False,matching_simulations_below_tail_resolution_contract;matched_records_below_tail_resolution_contract;heldout_exceedance_se_above_contract,28,7,0,,,,,,no_valid_tail_law_folds,fold_0:insufficient_train_simulations;fold_1:insufficient_train_simulations;fold_2:insufficient_train_simulations;fold_3:insufficient_train_simulations;fold_4:insufficient_train_simulations
categorical_multinomial,categorical,root_0.75_1,2,edge_action_2_4,descriptive_selected_ratio_tail_law_not_calibration,0.01,104,99,0.009523809523809525,0.01,499,499,0.002,8.001377721651558,8.029122877703978,8.920731654882577,9.009004235780916,9.11521703741075,False,matching_simulations_below_tail_resolution_contract;matched_records_below_tail_resolution_contract;heldout_exceedance_se_above_contract,416,104,5,9.118767286288293,9.130982719986239,0.028846153846153848,0.018846153846153846,0.016412370233372362,descriptive_holdout_tail_law,
categorical_multinomial,categorical,root_0.75_1,2,edge_action_4_6,descriptive_selected_ratio_tail_law_not_calibration,0.01,173,161,0.005747126436781609,0.006172839506172839,499,499,0.002,11.262308456176745,11.232610496559586,12.982032617435893,13.416964267199633,13.689560528970869,False,matching_simulations_below_tail_resolution_contract;matched_records_below_tail_resolution_contract;heldout_exceedance_se_above_contract,692,173,5,13.689005527900127,13.696460334276427,0.017341040462427744,0.007341040462427744,0.009924666759044456,descriptive_holdout_tail_law,
categorical_multinomial,categorical,root_0.75_1,2,edge_action_6_8,descriptive_selected_ratio_tail_law_not_calibration,0.01,140,133,0.0070921985815602835,0.007462686567164179,499,499,0.002,16.131600009539273,16.28230329932739,17.869616099287573,18.15700683185748,18.366330445435562,False,matching_simulations_below_tail_resolution_contract;matched_records_below_tail_resolution_contract;heldout_exceedance_se_above_contract,560,140,5,18.362739317404127,18.369120653273892,0.02857142857142857,0.018571428571428572,0.014080153722988034,descriptive_holdout_tail_law,
categorical_multinomial,categorical,root_0.75_1,2,edge_action_ge8,descriptive_selected_ratio_tail_law_not_calibration,0.01,811,516,0.0012315270935960591,0.0019342359767891683,499,499,0.002,43.89429660847458,39.386157071919946,73.16591110413295,81.92067143236639,99.00344572067279,False,heldout_exceedance_se_above_contract,3244,811,5,98.61849297661759,99.19966885115505,0.011097410604192354,0.0010974106041923542,0.0036785541847783854,descriptive_holdout_tail_law,
categorical_multinomial,categorical,small_0_0.25,1,edge_action_2_4,descriptive_selected_ratio_tail_law_not_calibration,0.01,3,3,0.25,0.25,499,499,0.002,12.801369827907562,12.251066079032617,16.650427287390595,17.20034743843534,17.64028355927114,False,matching_simulations_below_tail_resolution_contract;matched_records_below_tail_resolution_contract;heldout_exceedance_se_above_contract,6,3,0,,,,,,no_valid_tail_law_folds,fold_0:insufficient_train_simulations;fold_1:insufficient_train_simulations;fold_2:insufficient_train_simulations
categorical_multinomial,categorical,small_0_0.25,1,edge_action_4_6,descriptive_selected_ratio_tail_law_not_calibration,0.01,10,10,0.09090909090909091,0.09090909090909091,499,499,0.002,10.39187695649479,9.975602546578934,14.542901703158167,19.476472899223385,23.42332985607558,False,matching_simulations_below_tail_resolution_contract;matched_records_below_tail_resolution_contract;heldout_exceedance_se_above_contract,40,10,0,,,,,,no_valid_tail_law_folds,fold_0:insufficient_train_simulations;fold_1:insufficient_train_simulations;fold_2:insufficient_train_simulations;fold_3:insufficient_train_simulations;fold_4:insufficient_train_simulations
categorical_multinomial,categorical,small_0_0.25,1,edge_action_6_8,descriptive_selected_ratio_tail_law_not_calibration,0.01,20,18,0.047619047619047616,0.05263157894736842,499,499,0.002,24.634745875325,30.30607874158563,31.999999999946265,31.99999999994926,31.999999999949267,False,matching_simulations_below_tail_resolution_contract;matched_records_below_tail_resolution_contract;heldout_exceedance_se_above_contract,80,20,0,,,,,,no_valid_tail_law_folds,fold_0:insufficient_train_simulations;fold_1:insufficient_train_simulations;fold_2:insufficient_train_simulations;fold_3:insufficient_train_simulations;fold_4:insufficient_train_simulations
categorical_multinomial,categorical,small_0_0.25,1,edge_action_ge8,descriptive_selected_ratio_tail_law_not_calibration,0.01,29354,605,3.40657468915006e-05,0.0016501650165016502,499,499,0.002,56.60277640934118,50.62499999967939,79.29644899494225,87.6632571338714,102.46141482443281,True,,117416,29354,5,102.45203809154611,102.45540641962192,0.01015193840703141,0.00015193840703140934,0.0005850932806721188,descriptive_holdout_tail_law,
categorical_multinomial,categorical,small_0_0.25,2,edge_action_2_4,descriptive_selected_ratio_tail_law_not_calibration,0.01,5,5,0.16666666666666666,0.16666666666666666,499,499,0.002,7.7177187731801,7.773486214381704,8.39735511671005,8.406683386776255,8.414146002829218,False,matching_simulations_below_tail_resolution_contract;matched_records_below_tail_resolution_contract;heldout_exceedance_se_above_contract,20,5,0,,,,,,no_valid_tail_law_folds,fold_0:insufficient_train_simulations;fold_1:insufficient_train_simulations;fold_2:insufficient_train_simulations;fold_3:insufficient_train_simulations;fold_4:insufficient_train_simulations
categorical_multinomial,categorical,small_0_0.25,2,edge_action_4_6,descriptive_selected_ratio_tail_law_not_calibration,0.01,15,15,0.0625,0.0625,499,499,0.002,11.20051508493804,11.034506656791851,13.245120277522766,13.713438940299211,13.733098859029765,False,matching_simulations_below_tail_resolution_contract;matched_records_below_tail_resolution_contract;heldout_exceedance_se_above_contract,60,15,0,,,,,,no_valid_tail_law_folds,fold_0:insufficient_train_simulations;fold_1:insufficient_train_simulations;fold_2:insufficient_train_simulations;fold_3:insufficient_train_simulations;fold_4:insufficient_train_simulations
categorical_multinomial,categorical,small_0_0.25,2,edge_action_6_8,descriptive_selected_ratio_tail_law_not_calibration,0.01,19,19,0.05,0.05,499,499,0.002,16.701692856392384,16.998529197424162,18.102544409116565,18.147094479473953,18.21448381617891,False,matching_simulations_below_tail_resolution_contract;matched_records_below_tail_resolution_contract;heldout_exceedance_se_above_contract,76,19,0,,,,,,no_valid_tail_law_folds,fold_0:insufficient_train_simulations;fold_1:insufficient_train_simulations;fold_2:insufficient_train_simulations;fold_3:insufficient_train_simulations;fold_4:insufficient_train_simulations
categorical_multinomial,categorical,small_0_0.25,2,edge_action_ge8,descriptive_selected_ratio_tail_law_not_calibration,0.01,7719,548,0.00012953367875647668,0.0018214936247723133,499,499,0.002,52.869732338278745,53.05590114472661,68.03170378737448,72.22805410161615,79.52101453875491,True,,30876,7719,5,79.527392674307,79.59681941847319,0.010104935872522347,0.00010493587252234648,0.0011383631789705707,descriptive_holdout_tail_law,
gaussian_blobs,bernoulli,large_0.5_0.75,2,edge_action_2_4,descriptive_selected_ratio_tail_law_not_calibration,0.01,25,25,0.038461538461538464,0.038461538461538464,499,499,0.002,8.02263882959339,8.037051508704266,9.000224645574258,9.034816643537182,9.11328577293629,False,matching_simulations_below_tail_resolution_contract;matched_records_below_tail_resolution_contract;heldout_exceedance_se_above_contract,100,25,5,9.100586180315776,9.118127027617044,0.04,0.03,0.039191835884530846,descriptive_holdout_tail_law,
gaussian_blobs,bernoulli,large_0.5_0.75,2,edge_action_4_6,descriptive_selected_ratio_tail_law_not_calibration,0.01,50,50,0.0196078431372549,0.0196078431372549,499,499,0.002,11.544926482590721,11.601917450567083,13.566394103947408,13.690295475240186,13.733780718431461,False,matching_simulations_below_tail_resolution_contract;matched_records_below_tail_resolution_contract;heldout_exceedance_se_above_contract,200,50,5,13.732296286484479,13.735180467897127,0.02,0.01,0.01979898987322333,descriptive_holdout_tail_law,
gaussian_blobs,bernoulli,large_0.5_0.75,2,edge_action_6_8,descriptive_selected_ratio_tail_law_not_calibration,0.01,56,55,0.017543859649122806,0.017857142857142856,499,499,0.002,16.381362627046027,16.468635599128135,18.061872561049114,18.265017464824744,18.323873673803973,False,matching_simulations_below_tail_resolution_contract;matched_records_below_tail_resolution_contract;heldout_exceedance_se_above_contract,224,56,5,18.317257527474695,18.32733016848732,0.017857142857142856,0.007857142857142856,0.017696985874377052,descriptive_holdout_tail_law,
gaussian_blobs,bernoulli,large_0.5_0.75,2,edge_action_ge8,descriptive_selected_ratio_tail_law_not_calibration,0.01,1581,1465,0.0006321112515802782,0.0006821282401091405,499,499,0.002,49.151135262109925,45.30745169732512,78.80109761267627,86.0316275426701,95.80866633357992,False,heldout_exceedance_se_above_contract,6324,1581,5,95.67672682192104,95.83911364041104,0.011385199240986717,0.0013851992409867168,0.002668197277274537,descriptive_holdout_tail_law,
gaussian_blobs,bernoulli,medium_0.25_0.5,1,edge_action_2_4,descriptive_selected_ratio_tail_law_not_calibration,0.01,3,3,0.25,0.25,499,499,0.002,2.16713724857857,2.7450408243811326,3.027453197577758,3.062754744227336,3.0909959815469987,False,matching_simulations_below_tail_resolution_contract;matched_records_below_tail_resolution_contract;heldout_exceedance_se_above_contract,6,3,0,,,,,,no_valid_tail_law_folds,fold_0:insufficient_train_simulations;fold_1:insufficient_train_simulations;fold_2:insufficient_train_simulations
gaussian_blobs,bernoulli,medium_0.25_0.5,1,edge_action_4_6,descriptive_selected_ratio_tail_law_not_calibration,0.01,5,5,0.16666666666666666,0.16666666666666666,499,499,0.002,5.1097342482388655,4.898660980511135,9.760236038729499,10.538576157429048,11.16124825238869,False,matching_simulations_below_tail_resolution_contract;matched_records_below_tail_resolution_contract;heldout_exceedance_se_above_contract,20,5,0,,,,,,no_valid_tail_law_folds,fold_0:insufficient_train_simulations;fold_1:insufficient_train_simulations;fold_2:insufficient_train_simulations;fold_3:insufficient_train_simulations;fold_4:insufficient_train_simulations
gaussian_blobs,bernoulli,medium_0.25_0.5,1,edge_action_6_8,descriptive_selected_ratio_tail_law_not_calibration,0.01,5,5,0.16666666666666666,0.16666666666666666,499,499,0.002,2.6298842166721537,1.487152172987379,5.770115328522799,6.927773636238069,7.853900282410286,False,matching_simulations_below_tail_resolution_contract;matched_records_below_tail_resolution_contract;heldout_exceedance_se_above_contract,20,5,0,,,,,,no_valid_tail_law_folds,fold_0:insufficient_train_simulations;fold_1:insufficient_train_simulations;fold_2:insufficient_train_simulations;fold_3:insufficient_train_simulations;fold_4:insufficient_train_simulations
gaussian_blobs,bernoulli,medium_0.25_0.5,1,edge_action_ge8,descriptive_selected_ratio_tail_law_not_calibration,0.01,15,14,0.0625,0.06666666666666667,499,499,0.002,22.254899810561415,20.551249778624104,43.72562940056049,45.54428826045872,46.60491804510416,False,matching_simulations_below_tail_resolution_contract;matched_records_below_tail_resolution_contract;heldout_exceedance_se_above_contract,60,15,0,,,,,,no_valid_tail_law_folds,fold_0:insufficient_train_simulations;fold_1:insufficient_train_simulations;fold_2:insufficient_train_simulations;fold_3:insufficient_train_simulations;fold_4:insufficient_train_simulations
gaussian_blobs,bernoulli,medium_0.25_0.5,2,edge_action_2_4,descriptive_selected_ratio_tail_law_not_calibration,0.01,27,27,0.03571428571428571,0.03571428571428571,499,499,0.002,8.233188321956577,8.385061064576355,9.119002597814772,9.185341126899875,9.2046312551073,False,matching_simulations_below_tail_resolution_contract;matched_records_below_tail_resolution_contract;heldout_exceedance_se_above_contract,108,27,5,9.197722405469168,9.205199944197,0.037037037037037035,0.027037037037037033,0.036344694923159865,descriptive_holdout_tail_law,
gaussian_blobs,bernoulli,medium_0.25_0.5,2,edge_action_4_6,descriptive_selected_ratio_tail_law_not_calibration,0.01,52,50,0.018867924528301886,0.0196078431372549,499,499,0.002,11.627057619652314,11.653192588295862,13.358363140251255,13.505271562192952,13.708438880104577,False,matching_simulations_below_tail_resolution_contract;matched_records_below_tail_resolution_contract;heldout_exceedance_se_above_contract,208,52,5,13.67993138676498,13.715027547761279,0.038461538461538464,0.02846153846153846,0.026668278664674475,descriptive_holdout_tail_law,
gaussian_blobs,bernoulli,medium_0.25_0.5,2,edge_action_6_8,descriptive_selected_ratio_tail_law_not_calibration,0.01,81,78,0.012195121951219513,0.012658227848101266,499,499,0.002,16.250849627832036,16.283044860236835,18.11938322977912,18.26057517883773,18.363475682744603,False,matching_simulations_below_tail_resolution_contract;matched_records_below_tail_resolution_contract;heldout_exceedance_se_above_contract,324,81,5,18.35851231714264,18.363898100064876,0.024691358024691357,0.014691358024691356,0.017242530987622132,descriptive_holdout_tail_law,
gaussian_blobs,bernoulli,medium_0.25_0.5,2,edge_action_ge8,descriptive_selected_ratio_tail_law_not_calibration,0.01,5006,1797,0.00019972039145196724,0.0005561735261401557,499,499,0.002,52.0720215539841,44.103155611810564,82.91120369123055,88.47599408790076,97.74255019449946,True,,20024,5006,5,97.64777327482224,97.419735705071,0.010187774670395526,0.00018777467039552548,0.0014192883879248913,descriptive_holdout_tail_law,
gaussian_blobs,bernoulli,root_0.75_1,1,edge_action_2_4,descriptive_selected_ratio_tail_law_not_calibration,0.01,1,1,0.5,0.5,499,499,0.002,11.12200248357573,11.12200248357573,11.12200248357573,11.12200248357573,11.12200248357573,False,matching_simulations_below_tail_resolution_contract;matched_records_below_tail_resolution_contract;heldout_exceedance_se_above_contract,0,1,0,,,,,,no_valid_tail_law_folds,fold_0:insufficient_train_simulations
gaussian_blobs,bernoulli,root_0.75_1,2,edge_action_2_4,descriptive_selected_ratio_tail_law_not_calibration,0.01,55,55,0.017857142857142856,0.017857142857142856,499,499,0.002,7.888671224834758,7.817223944932039,8.864930372057488,9.034684141785162,9.139597804717281,False,matching_simulations_below_tail_resolution_contract;matched_records_below_tail_resolution_contract;heldout_exceedance_se_above_contract,220,55,5,9.124293064956872,9.140792783310605,0.03636363636363636,0.02636363636363636,0.025241136091003074,descriptive_holdout_tail_law,
gaussian_blobs,bernoulli,root_0.75_1,2,edge_action_4_6,descriptive_selected_ratio_tail_law_not_calibration,0.01,101,97,0.00980392156862745,0.01020408163265306,499,499,0.002,11.39331190509708,11.235838388349904,13.364210642043073,13.546622683930156,13.681828277548828,False,matching_simulations_below_tail_resolution_contract;matched_records_below_tail_resolution_contract;heldout_exceedance_se_above_contract,404,101,5,13.679560852135836,13.688623910794417,0.019801980198019802,0.009801980198019802,0.013862786490806009,descriptive_holdout_tail_law,
gaussian_blobs,bernoulli,root_0.75_1,2,edge_action_6_8,descriptive_selected_ratio_tail_law_not_calibration,0.01,111,109,0.008928571428571428,0.00909090909090909,499,499,0.002,16.055792551371532,15.968398763595363,17.956203788065576,18.201055825908,18.400902173377386,False,matching_simulations_below_tail_resolution_contract;matched_records_below_tail_resolution_contract;heldout_exceedance_se_above_contract,444,111,5,18.400539321649994,18.401713386072778,0.018018018018018018,0.008018018018018018,0.012625360237379651,descriptive_holdout_tail_law,
gaussian_blobs,bernoulli,root_0.75_1,2,edge_action_ge8,descriptive_selected_ratio_tail_law_not_calibration,0.01,1999,1734,0.0005,0.0005763688760806917,499,499,0.002,47.63649916694221,44.818415944673845,75.50937761264305,83.82998798663453,98.48914319064463,False,heldout_exceedance_se_above_contract,7996,1999,5,98.37280161312226,98.48914319064463,0.010505252626313157,0.000505252626313157,0.002280360973589529,descriptive_holdout_tail_law,
gaussian_blobs,bernoulli,small_0_0.25,1,edge_action_2_4,descriptive_selected_ratio_tail_law_not_calibration,0.01,37,37,0.02631578947368421,0.02631578947368421,499,499,0.002,13.01424424603577,13.999999999972005,13.999999999972005,13.999999999972005,15.03914873023639,False,matching_simulations_below_tail_resolution_contract;matched_records_below_tail_resolution_contract;heldout_exceedance_se_above_contract,148,37,5,14.925491837863722,15.152805622609057,0.02702702702702703,0.017027027027027027,0.02665929523870659,descriptive_holdout_tail_law,
gaussian_blobs,bernoulli,small_0_0.25,1,edge_action_4_6,descriptive_selected_ratio_tail_law_not_calibration,0.01,4208,906,0.00023758612497030174,0.0011025358324145535,499,499,0.002,20.852066970474013,21.999999999956,21.999999999956,21.999999999956,21.999999999956,True,,16832,4208,5,21.999999999956,21.999999999956,0.006653992395437262,0.003346007604562738,0.0012532957294721008,descriptive_holdout_tail_law,
gaussian_blobs,bernoulli,small_0_0.25,1,edge_action_6_8,descriptive_selected_ratio_tail_law_not_calibration,0.01,22794,929,4.386926957666155e-05,0.001075268817204301,499,499,0.002,27.727168236556704,27.61538105668373,32.51985500364578,34.4999999998965,35.99999999989199,True,,91176,22794,5,35.99999999989199,35.99999999989199,0.004694217776607879,0.005305782223392121,0.00045274077345948405,descriptive_holdout_tail_law,
gaussian_blobs,bernoulli,small_0_0.25,1,edge_action_ge8,descriptive_selected_ratio_tail_law_not_calibration,0.01,141482,1839,7.067986966632033e-06,0.0005434782608695652,499,499,0.002,62.748943612606595,57.99999999988404,85.70107739446841,92.4744539777791,102.9270242290214,True,,565928,141482,5,102.93155268151311,102.93165828048653,0.010029544394339916,2.9544394339916027e-05,0.00026491169061612494,descriptive_holdout_tail_law,
gaussian_blobs,bernoulli,small_0_0.25,2,edge_action_2_4,descriptive_selected_ratio_tail_law_not_calibration,0.01,19,19,0.05,0.05,499,499,0.002,7.9569714830854075,7.89382970567067,8.874132067896513,8.958591430981933,9.040885429227025,False,matching_simulations_below_tail_resolution_contract;matched_records_below_tail_resolution_contract;heldout_exceedance_se_above_contract,76,19,0,,,,,,no_valid_tail_law_folds,fold_0:insufficient_train_simulations;fold_1:insufficient_train_simulations;fold_2:insufficient_train_simulations;fold_3:insufficient_train_simulations;fold_4:insufficient_train_simulations
gaussian_blobs,bernoulli,small_0_0.25,2,edge_action_4_6,descriptive_selected_ratio_tail_law_not_calibration,0.01,54,53,0.01818181818181818,0.018518518518518517,499,499,0.002,11.693257825922139,11.718660792497456,13.453291266121196,13.689260071760994,13.787314231956875,False,matching_simulations_below_tail_resolution_contract;matched_records_below_tail_resolution_contract;heldout_exceedance_se_above_contract,216,54,5,13.775383773386583,13.791218088055524,0.037037037037037035,0.027037037037037033,0.025699580240322626,descriptive_holdout_tail_law,
gaussian_blobs,bernoulli,small_0_0.25,2,edge_action_6_8,descriptive_selected_ratio_tail_law_not_calibration,0.01,442,371,0.002257336343115124,0.002688172043010753,499,499,0.002,16.991692904565163,17.238440165089767,18.178785177812276,18.304863731133533,18.388978993004834,False,matching_simulations_below_tail_resolution_contract;matched_records_below_tail_resolution_contract;heldout_exceedance_se_above_contract,1768,442,5,18.385649312057428,18.38864469742219,0.01583710407239819,0.005837104072398189,0.005938274161390081,descriptive_holdout_tail_law,
gaussian_blobs,bernoulli,small_0_0.25,2,edge_action_ge8,descriptive_selected_ratio_tail_law_not_calibration,0.01,46601,1836,2.1458306510450196e-05,0.0005443658138268917,499,499,0.002,52.507914259010185,54.985512893228695,70.41593230175447,75.25578465799717,83.82863335039298,True,,186404,46601,5,83.80408748529359,83.80328556326673,0.010149996781184953,0.000149996781184953,0.0004643228201893772,descriptive_holdout_tail_law,
