gene,mode_16,mode_17,mode_18,mode_19
FCN3,-0.032840694482433284,0.03598392566314124,-0.00991053275444074,0.046064451583593104
TTC7A,0.045164427833344935,-0.007507209698449002,-0.013109727735196005,-0.08333198438611682
MASP2,0.07751842968288515,0.1102782235157581,-0.01618085717738153,0.01664802887568492
RNASEH2B,0.12156808774333386,-0.07979263214237747,-0.048625455651075906,-0.006512967317728367
CARD14,-0.08847544288350855,-0.030022300137348332,-0.017021011157079293,-0.12270728657622554
C8B,-0.020348849797018793,-0.032926752019795495,0.06796707709331137,-0.017262673041036465
IRF8,-0.17110935416803544,-0.096285570040487,0.06379820447263773,0.07884239617724598
FERMT1,-0.020104742147587135,0.05371610297785973,0.06533268622018132,0.01057095929517004
SH2D1A,-0.04228669138444879,-0.10291705642502057,0.04129711913911716,0.002517697657420487
C7,-0.05164977830948826,-0.029105918929086934,0.01444736276916257,0.019903462535326846
IL10,-0.02484286933019016,0.09478552060538122,0.019431675803863496,0.04536281894306213
IL21,-0.21990204384143305,0.06280739511266464,-0.12695609656595294,0.11743932695243366
LAT,-0.033355094697586185,-0.10522673535373357,-0.027893184960227562,-0.007597866902671503
C2,-0.0359134248892256,-0.05030639440886662,-0.17679283241382673,-0.03195220879559836
IL10RA,0.02235033746211906,-0.07103115260622404,-0.023329815221270058,0.020652094827922525
NFKB1,0.006954799734588497,0.1500956146902668,-0.02261119853779831,0.037570761467736115
COPA,-0.08894373317940689,0.034506038823935936,-0.06336680355663085,-0.01250058730204123
STAT1,-0.018705335443336718,0.10698905957457411,-0.05108159851877884,0.11023970981208958
CIITA,-0.004784037338954188,0.07642046195743486,0.029887967789370366,0.09865098968881215
CFHR5,0.012287027095731602,-0.03021709737181891,-0.032069090669742846,-0.03330436486116035
TRNT1,0.05183867577795792,-0.005470762819156984,0.007351892306736894,0.0002228020195371337
NCF2,0.1115122348391908,0.1279962480251506,-0.13484791411739136,-0.06048254847647387
CD40,0.06056343610537194,0.2285132475460455,0.24223392910008945,-0.10555888499958162
POMP,0.04900248679945535,0.10555539530063977,0.0033142260055161934,0.03623145042305713
PSMB8,0.1952531708163088,0.08017271968036874,-0.15420036881217472,0.16330008031728543
PSMA3,0.05692965786414839,0.0062243355042017655,-0.05631517553732908,-0.01349899013890228
POLA1,0.08819032563897916,-0.0481726068197769,-0.029397884568415314,-0.058614654082472586
C3,-0.005257550154376146,-0.02929898263074509,0.0334314068299333,-0.020669517571602364
MAGT1,-0.00895045875094231,0.00748851756458155,-0.08181854317459247,0.04589654631360178
CFH,-0.04134963233586112,0.014108753932364344,0.03594590946535388,-0.012539777511726394
DNMT3B,-0.0556928070768515,0.045983781950194556,0.05890698414781839,0.10465079648840744
NLRP12,0.11046853817793593,-0.1284175960345112,0.004054510650364542,-0.04182076624061402
STIM1,-0.01031263108210153,-0.028135831400435705,-0.012039483106608314,0.0011669827024862434
ORAI1,0.13840970632475197,-0.014431631936949841,0.23130589983277808,-0.07215768949579601
WAS,-0.08258882611042204,-0.10738157338595886,0.03759734087340188,0.04221416204649972
ANKZF1,-0.10470415291996198,-0.10262619037598575,0.012653009414556193,-0.013374829665135467
PLCG2,0.02108897285212803,-0.03722101239661531,-0.019407332739383158,-0.085782203214613
ADGRE2,-0.11953281330586038,-0.09866106619026783,-0.24807194716924805,0.018734286885618238
G6PC3,0.10924058012876797,-0.0007003324240808769,0.05686164712849246,-0.13092262236527802
IKBKB,0.038099864189428116,0.07952770143267288,-0.11806619162334019,-0.17147633072176638
C1S,-0.038611956983702345,-0.011255280194568465,-0.10369641894884879,0.056152303210621986
TPP2,0.004776529728291734,-0.029610232698951473,0.003083580123132505,-0.013335496921694778
HPS6,0.0013517311060604316,0.03878022518901724,0.02769185516392575,-0.19183256067286347
PSMB4,-0.0067863145370535205,0.06045149432859652,-0.007175334754343859,-0.011768167896482152
ADA2,0.07094076023935392,-0.05565826557548144,-0.05636828570041714,0.004809053947532533
BTK,0.07073496634800176,-0.04945992248295471,-0.0651060163908853,-0.09102403975140141
TNFRSF13C,0.11336491343836114,0.12459875734761046,0.28500682500919516,-0.06368938609217396
TNFRSF1A,0.08021594663393225,0.09677164712540876,-0.09078431991227465,-0.04315949467967404
CD55,0.017819609211497774,0.005160587804076525,-0.051923066735864346,-0.029001901075129507
ZAP70,-0.05532000572687593,-0.055567259434110665,0.03412080328624297,0.03766950922155385
IL1RN,0.10549406605602324,-0.08017714747172672,0.04869410646385678,0.04519475292286685
WIPF1,-0.1264906001864188,-0.035461659012484915,0.032898972583709794,0.08960000569432144
ITK,-0.02448642624495761,-0.11021673062043941,0.02479544239768412,-0.01544991410859072
RFXAP,0.16914337921365472,-0.02764535722162923,-0.013801580629254183,-0.0033314261656422787
NOD2,-0.07118459584392695,0.0769340192083439,0.09837849028066453,0.08564239004313409
DCLRE1C,0.12026545177026655,-0.0030762614113575785,-0.06241766559194317,-0.025179383347697884
ITCH,-0.1274178500412599,-0.0023194038839212893,0.01899138589863013,-0.0723529345307758
NFAT5,-0.012616978877891918,-0.03873327514364729,-0.016422763938418662,0.025612166822635618
PTEN,0.020895533083211605,-0.06684372366576996,-0.034529964619515234,-0.054363061980590204
IKBKG,0.0412152337070612,0.0722084979642559,-0.11139482500283189,-0.12146630790711782
LYST,0.02865777730523701,0.11905471083756967,0.02155890154180961,-0.05317524329268199
NLRP1,0.10986251755768207,-0.1592687148260884,0.165071251819296,0.30663432252736517
CTLA4,-0.023060574456038537,0.05228410588039725,0.07112316354430774,0.0577243619590529
RNASEH2A,0.11440044910378404,-0.04726127969056599,-0.013894470614589595,-0.03950089538420361
ACP5,0.024025315372166796,-0.056819389601801454,-0.04175286162329359,-0.01587571709342359
TREX1,0.028504631137550362,-0.06872031269888357,-0.0727368501986556,0.01686518735786737
CASP10,0.05426977380240722,-0.02785255901247563,0.016627376391307735,0.08100347236963461
NLRP3,-0.04994957445582012,-0.042481223365884155,0.11279722990408203,0.08417262719657916
PRF1,-0.03090554451068118,-0.055143894143058036,0.0011774441608878561,0.025936569945995944
TAP1,0.0388623585319597,-0.08190337296694537,0.03228064693385085,-0.022949500227972427
GATA2,0.003691861424149739,0.0015811476186556686,-0.04220669532725634,0.0024419101725392757
ICOS,0.005999344794180549,0.02878390740741523,0.03322810032041626,0.02614570188128285
LCK,0.0063598185146749465,-0.08164212573087065,0.01651179366433515,-0.013160610762593353
RNASEH2C,0.11592658134738221,-0.060159685962175614,-0.029866731209788184,0.00823112587751117
NCF4,0.10598442141201427,0.0638169002571217,-0.10943243412424582,0.007226389291596872
C8A,-0.0014794187857598646,-0.09088199309844072,-0.05625056258735112,-0.10399954063727734
MALT1,0.016206863521610118,0.05270808606290874,-0.03934076469208952,-0.10436999972114887
SKIC3,0.010907453077309904,-0.07739592332227355,-0.007958149417843386,-0.13492520423817037
FASLG,0.010966732575149546,-0.08087104752849644,0.049539146272956205,0.10784775089788236
RBCK1,-0.09313003173457782,-0.013394333607491963,-0.03863633771615769,-0.11716728451882862
CFHR3,0.0313813717433129,0.09029932291822143,-0.048789837239892,-0.10460510110302487
RAG2,-0.0278311654856236,-0.10032311055936899,0.05648213680457478,-0.04966973761935161
ADAM17,-0.004464265645482303,0.04521063490731288,0.02267284975635209,-0.002970461457844819
STING1,-0.059808212595123575,0.02139144366726226,-0.15878634974274858,0.03180145861227203
FADD,0.017299308639658503,0.008035642813171016,-0.0157252151698812,0.012477668279150844
PSMB9,0.051655934128448405,0.09275671218870978,-0.03324325122311808,0.012347894889710042
ARPC1B,0.1040655437786799,-0.0012291781822773048,-0.08100598303847757,0.2548948117564987
B2M,-0.01868714460694082,0.05075095852285244,0.022764347979157936,-0.01046432091073094
CFB,-0.0662481822256969,0.07647613072579001,-0.0047646409051394474,-0.04532554926676228
STK4,0.06044278142680412,0.032034957962944983,0.02118325128596212,-0.013454259197165943
TAPBP,-0.028835900796579897,-0.07037448811299923,-0.02135997364984399,-0.00012319218582266774
C1QB,0.012004428838035534,0.00047286827862591687,0.03265200778202557,0.00856203563600606
FAS,0.11288371531432351,0.05376253832752065,-0.02048332753041192,0.10368202639483896
C8G,-0.07933194716496275,0.01597766658973171,0.01785873409992295,-0.0270134705166035
PGM3,0.02348702102968358,0.10030305475034706,0.1252879080128955,-0.005365584992093229
PIK3R1,-0.02430861889079833,0.017046842845404284,0.02735974240181351,-0.021325458473583705
PIK3CD,-0.047738850161900284,-0.02471973722875382,0.023263898078353964,-0.0821263170689448
RAB27A,-0.061960205786323226,0.14489770775081717,-0.04124128943830578,0.002371079229903462
CD27,0.10933101233037217,0.0256603072260873,0.14796272506178326,-0.011122723751691127
WDR1,0.04346140836799418,-0.04721840209246758,-0.01307745181914027,0.08552352215374774
HPS1,-0.050811471574137936,0.06698305085622651,0.08365756493383268,-0.09031874045310785
CD3G,-0.030457707482793202,-0.08866588554656393,0.0051245749155816485,0.006321693504182531
PRKDC,0.10721460460999038,0.0572050054321697,-0.02228864568734124,-0.0394392454050688
C1QC,0.0027686993826137683,0.028286998431071353,0.004743476078704203,0.029472626685575005
TRIM22,-0.03208212453569847,0.06971403735369382,0.07839915086435548,0.022572312359817097
CD70,0.024698799573530876,0.16922606350710176,0.22660668381141236,0.015298745894981735
IFIH1,-0.12728848746804464,-0.03917732187866551,0.013689647264365543,-0.008783570161591344
DOCK8,-0.14569483223052745,0.19898946575023,0.07134552369971967,0.024292794326286508
ADA,0.03745270485828799,-0.045397947706153116,-0.007052098962400983,0.05803827384485738
DNASE1L3,0.03824195159356116,-0.044285754006127435,-0.01756487755884776,0.022432280640235953
IL2RG,0.1720553801338413,0.17222482243110712,-0.18205319533799527,0.3380256782234916
HPS4,-0.056745689257568975,0.057286179667788394,0.08879947298384328,-0.08612177271759654
AICDA,-0.005820835055675907,-0.039202798510500535,-0.0016046352632423928,0.07702001391239714
LPIN2,0.10459160073244059,-0.012805490029241442,-0.0798589177845161,-0.17952824458292663
RFX5,0.033898169689458614,0.015359353352245596,0.009341809320694798,-0.01167778876383369
CDC42,-0.02562803811833081,0.1016271757223584,-0.002668784225590355,0.05027833547434265
IL10RB,-0.019805868691647962,0.06907891446814343,0.048833912964860796,0.07198192302671937
OTULIN,-0.10886006428798335,-0.046293548681920586,0.03004494171786506,-0.0714887270834302
RIGI,-0.06634762429976257,-0.03169439789502318,-0.046920132811807305,0.025487783768038483
SERPING1,-0.08032859797351104,0.04544379188064774,0.03366165310602999,-0.019424055445422656
AIRE,0.007961384380339305,-0.003598745036857087,0.051122221148082514,0.01136065744701757
SLC37A4,0.03394330965570307,-0.01744191300414992,0.020194231463584587,-0.0071740138771282545
XIAP,-0.00030778347652100273,-0.10294911117200145,0.05343301517995534,0.043531852723466824
KRAS,0.06063042461057775,0.011296981837251592,-0.03276315449417769,-0.08144445808266351
BACH2,0.017187372738042727,-0.08525472897517108,0.032084862495530726,-0.004190554960367094
AP3B1,-0.04225387202819998,0.10917908112544232,-0.03800882557908306,-0.09047213557062131
ADAR,-0.1238382931426712,0.0394778616967106,-0.002237472198642333,-0.03224374864397255
C1QA,-0.0023986269635273413,0.05321605119959643,0.016038351232632437,0.005116107597678335
C6,-0.02132615472782738,0.0007493983602232719,0.013919712989627686,-0.020654743730395914
MVK,0.05663099388962012,-0.03972232496212999,-0.04304437135124606,0.007926038593146504
NLRC4,0.03632847119790806,-0.07629215176298201,0.0824439590259924,0.14288294097218587
NCF1,0.06065806910645871,0.1026072983933685,-0.13522927356593056,-0.08913380215791061
AP1S3,-0.10255726558622628,0.08943889854655863,0.003220320035358979,-0.05290937760159068
ZBTB24,-0.03491281454421175,-0.10063480925070493,-0.028196079919670623,0.03688938475699463
STAT5B,0.026109633016124515,0.019757364110545454,-0.046310284959255515,0.0825969091002738
STX11,-0.1853366067843982,0.1199238435026698,-0.13079896843137342,0.03535163836651399
CFI,0.07424046918658823,-0.030262831813105254,-0.035692684080417106,-0.032457721596625695
ATM,0.1352995824325599,0.035306163852396044,0.007419341194634596,-0.02278802283605716
CASP8,0.04856561856694529,-0.03935875302907618,0.06596730854477915,0.166025983452927
THBD,-0.11899300766544188,-0.04027283802091189,-0.12049988364755787,0.0489672733309459
TAP2,0.04792602241898636,-0.10141270529686447,0.08185480479428184,-0.04831621775255175
C5,-0.12428917191755617,0.015850310336485925,-0.09441616202135168,-0.010755726776922915
TGFBR2,-0.005155100825070976,0.13441274006551945,-0.0542735459390167,0.04121668853838872
CFP,-0.02093029993837121,0.018467406913784325,-0.03159863539364553,-0.012153899373404602
RFXANK,0.10638095989847436,0.024387339877410284,-0.0013540583021344722,0.0013187003650618652
C4B,-0.030231100794666493,-0.0437626441166495,-0.16973306706144317,-0.036474799768841555
MEFV,-0.018566491759960904,0.0018150922016096187,0.13712209670826936,0.17428523692186154
PNP,0.08106226353919463,0.02568960727407357,0.05704689630895703,0.004860480780856725
FOXP3,-0.0845714969058391,0.14225184540807687,0.08590632302568137,0.15736390791942056
STAT3,0.025179019244074567,0.10005222317161225,-0.013293670380442046,0.01829511133290409
IL2RA,0.19725601620624353,0.06296096225266229,0.3245068478230024,-0.08517431940672995
ALPI,0.04566939751081792,-0.012531185469751085,0.01196764027633269,0.022890792041090458
NFKBIA,-0.03490628873188853,0.04524420850071982,0.010050615611911878,-0.07199182659110528
C9,-0.07593316150849884,0.052454920942372946,0.007670256652970129,-0.015099249967132954
POLE,0.10475972644873023,-0.07467695965239916,-0.052110764020282904,-0.02723303630988871
RAG1,-0.19618128560902437,-0.15583291584729195,0.06316963689066095,-0.029489295237330983
SAMHD1,0.013533627909488446,0.058919703378664534,-0.07245287523117411,-0.14772902827074644
TNFAIP3,-0.05393515742005144,0.06332959757390412,-0.02949904067863336,-0.07443618532961761
TNFRSF13B,-0.022669093803634136,0.13797088368237845,-0.06811020720690078,-0.005115218269280616
CFD,0.1258923775294413,-0.09267638397184969,-0.056431420212347906,-0.008978208620806042
PRKCD,0.044439094611677825,0.17043741328942044,-0.14897554899523904,-0.06947839341610151
TRAC,0.042440958940502226,-0.07132935120807786,-0.03320453247790507,-0.0827316500303014
CYBA,-0.0008139428925327211,0.10363533101056109,-0.09329166166162381,-0.06488443697943826
DEF6,-0.05162299848552541,-0.0012083948861201065,0.006156089371459242,-0.011239715393016332
PSTPIP1,-0.05392211139574688,-0.004860725299300491,0.021220891887765242,0.03704652535827159
STXBP2,-0.14643805153396441,0.01888217252444982,-0.18542134725398862,0.017381484979856913
LIG4,0.10165929456226248,0.034140620656309364,-0.03712440103984487,-0.02290255983291125
CD40LG,-0.060648090727374704,0.13592371826970948,-0.048759182178694384,0.045881260452784435
CYBB,0.01504341498468209,0.0851694017047554,-0.13425234153895263,-0.09438076141490796
IL36RN,0.004150107627710611,0.015057856079806644,-0.022006794923663746,-0.07849811784946353
LRBA,0.012947358804553883,0.1752529176201587,0.1953142425834322,-0.008715323970374894
NFKB2,0.0776752158516175,0.004085789217308736,-0.07602188707036324,-0.14567554338863478
SKIC2,0.04282228601630299,-0.05521709482023483,0.03366590097679683,-0.07145803377717001
C1R,0.08454736635424052,-0.05113525005546361,0.02245237445805369,0.12484707888902664
RIPK1,0.04708805995349405,0.03384054091984492,-0.06984244888756067,-0.09741769406142047
CFHR1,-0.024319734571417766,-0.028663006599767553,0.054119696325503855,0.010308833704075244
C4A,-0.019190316558761557,-0.026072846257460407,0.022627696328843566,-0.018278228809130898
USP18,-0.04598812662775354,-0.02809289604408752,0.05374968648243966,0.15769990389365313
RNF31,0.03504145225972797,0.007989348018282246,-0.04087091468938134,-0.11413741409794582
SH3BP2,-0.093746859394957,-0.08881002192971361,0.04098044734217661,0.014314075378775357
AGPAT1,-0.025376818500079466,-0.031568643589920974,0.05720513933162774,0.013355754195654778
ASPH,-0.22553022664031672,0.0004329807327803456,-0.15678077027671114,0.0955752418294493
PAF1,0.015090573762891902,-0.07409608448496463,-0.010258490958295162,-0.13410887419943704
MBL2,0.02775691870365053,0.1165051225750192,-0.0222726153715343,0.016763900041869985
HSPA4,0.11640285361059836,-0.13382721580284584,-0.0011518825662213733,-0.05471617267065354
KRTAP5-9,0.01846041134760966,-0.010025016678244484,0.0035519492108238644,0.007498221669684438
AGA,0.12459614595237814,-0.09681965200779832,-0.05975895109453063,-0.01609293865862721
RNF128,-0.07233038453819648,0.11459512824204499,-0.0687344418241069,0.04677511463280892
PARK2,0.11424079171150517,-0.0023620537170704926,0.046748074220460276,-0.004246570795892889
KLK10,-0.06958112529719448,0.057326416376554605,0.0014779370564667706,-0.009805657995206723
HSPA8,0.11969879049929742,-0.0681122818947077,-0.010791678414261268,-0.05500088160492124
PRKCA,0.06349167756793123,0.08356319907451641,-0.08857816185844111,-0.16749737220641792
VCP,-0.06423523981707893,-0.10106153804966243,0.02866964372638523,-0.017996499696871667
UBL4B,-0.1708069727985027,-0.15609803647118087,0.05504217453662159,-0.015990389682840465
PYCARD,0.061048503268986073,-0.1197306789575392,0.15659117415190804,0.2758033239609862
RHBDD1,-0.01200032679129989,-0.08004902507036502,0.0043672762237038695,0.020971882503859018
CCR1,0.0728360081194285,-0.0134516933849747,0.033892952256119845,0.012441460712129166
CFHR2,-0.024319734571417784,-0.028663006599767515,0.05411969632550384,0.010308833704075265
CCDC141,-0.018170314497792377,-0.011433302466677663,0.027787367882674073,0.004474476292058263
FABP6,-0.018279834568815424,-0.0016818587317553551,-0.02765858452718943,-0.008669193038187018
SPTBN4,0.029401698669490096,0.0036737018843807597,0.01497847375760194,0.0013151955720931668
DPY19L3,0.003389857634380731,-0.012141808735710214,-0.016653890374765702,0.013944037687651963
HSPA5,0.03331617536162046,-0.07744304935879787,-0.01753488491874877,0.016970765541045756
MAVS,-0.10552893549851614,-0.08419571104612585,0.017250480124506994,0.02720112415822659
UBE2U,-0.13309065688128258,0.05985928007239129,0.022863068890514263,-0.017007035012750003
PRKAA2,0.040833224675447755,0.02918602254718004,0.025025714787108643,-0.026202456065738452
BIRC2,-0.004019046907616837,0.011048075689830586,-0.0024069855323109396,0.014813098846517003
NUBP2,0.026795721437848388,-0.008839276821463588,0.024285915883590352,0.02580167278833129
SKP2,-0.010622963285356403,-0.017538079487207963,0.03981974378305074,-0.13290695498712596
CBL,-0.0146856341608013,-0.006920333987313232,0.017782199134232006,-0.0002717224316422244
UBC,-0.2090994489806574,-0.09697299627122886,0.07284140667481724,-0.03461167829272768
EGFR,-0.03043713705881355,-0.022024327293252655,-0.02013948850879306,-0.08889634013972221
SH2D3A,0.167136525882158,-0.0424964665134633,-0.03511540705886883,-0.05238535090393014
CAMKV,0.021185182574374153,0.040185257309715394,-0.04418241122087542,-0.13746316880917156
C3ORF32,0.08303883302529057,-0.07975896188076065,0.032698619043677504,0.05181024312557396
HSPA2,0.08476982906070575,-0.07298105087908122,-0.02915463761624701,-0.02164899068327369
ULK1,-0.07464643926946257,0.05433482404251286,0.08626169503355285,-0.008824213844201663
CACNB3,0.06215656445077138,-0.031359101349203444,0.04321052401802649,-0.05109388402161197
TRAF6,-0.02454016917188819,0.042142084044914555,-0.03339917688171448,-0.02994904639755997
SKIC8,0.023611315948110865,-0.03205646751074663,0.020206768089561303,-0.06979430156236875
LIPC,0.00583059025147022,0.0011543919927677103,-0.05360647316191812,-0.02524912081840047
GRB2,-0.06562494438889807,-0.05134194864055422,0.05587336529036649,0.017003550078076156
XRCC6,0.09120819687464066,0.049019121230736123,-0.05054151542075781,0.037331333021190016
S,0.03484385883090541,-0.008958391335208673,0.04846823588082557,-0.0066314447869303605
TRIM25,-0.13260279091606872,-0.02101709771616868,-0.041489978016967084,-0.0010541353905950518
SQSTM1,-0.0034213723860435307,-0.029859372988436144,0.07464117743535847,0.06707135244167106
GABARAP,-0.007974052903714925,0.04641484376466114,0.05667024192052892,0.0066082661198124774
GNG8,-0.05496820357888846,0.0646385366162233,0.006795879648304675,-0.02230878318426106
PIK3R3,-0.0119012156268518,-0.02439605478855001,-0.0009809148600783244,-0.00770576681275026
PSMC5,0.032330410583843165,-0.05698889509444157,-0.020998277334555955,-0.023895313386663928
SIVA1,0.06199343683242503,-0.03148210206102349,0.03965890669824065,0.012897309108176488
MSN,0.022087845291568816,0.1256503090961225,-0.06948366976641265,0.029454702121256338
DSG4,0.04586706671477083,-0.08065228070292732,-0.02910130033059808,0.016769375507329803
NOTCH2NLA,-0.007475435090946159,0.020613401038246326,-0.0002597528371323796,-0.002514913594629451
CASP1,0.02540618106175312,-0.10463135156546081,0.12156670563428439,0.2448513195436648
HDAC2,-0.06803664279890342,0.13575217103863363,0.06599297015651928,0.1397845862254797
PHF11,-0.03301761350270672,-0.015812566853164824,0.036659343432149105,-0.023238905538416555
TNF,0.05711799275253873,0.09925299678038937,-0.07065318614305742,-0.03735878069593733
FOXP1,-0.02324803679275607,0.02124057698743181,0.014548311480586015,0.03412722372023504
MYC,0.04045313673957372,-0.060083376250759636,0.010968125193477733,0.03289154053313926
REEP4,-0.12272329019046445,0.023478285823919226,-0.09321728114330449,0.044751819728299634
YWHAQ,0.06899243069244043,0.10371891296898032,0.03334022408650165,-0.10364321434560032
TRIM21,-0.10231315052528261,-0.043384078386491165,0.009172377516896278,-0.014919376653159639
CCDC6,0.054271452247927475,-0.0760370759398342,-0.03920573513113636,-0.061398228122616465
NPAS1,0.03801765306165291,-0.005814056371320056,0.011162281169593731,-0.021374104464913744
PPP4R1,0.05767109956540526,0.01826142281173913,-0.03981222293851748,-0.010412699894604782
TP53,-0.004995653040404615,-0.12370796841673531,0.04478042375424613,0.058766233636527145
C1RL,-0.007895352207771236,0.027129747232552615,0.03263764427618139,0.01760631671122629
EBP,-0.16614625774598585,-0.03371007866084373,-0.2582702559448845,0.050675823620474895
SLC10A1,0.0005228494720806883,-0.09431602103045746,-0.04401402796665663,-0.035918953639688535
BTRC,-0.022533994174094876,-0.0723865905530093,0.04042147832634913,-0.12326774650071812
CYLD,0.0444346851839974,0.07087981201657535,-0.09132429934420455,-0.044457917126188906
CRNN,0.06228155464076427,-0.06601509640537329,0.033601450181389714,0.011477857651149616
DPP4,0.014525420224399647,-0.041486393213896425,-0.0406117382902564,0.037873872611785826
HHIPL1,0.012401353389687479,0.02089389144237629,-0.0056583495446637195,0.0034080097191609205
TRAF2,0.03325602295284045,0.0015942535113821715,-0.015269193381639503,-0.05861100276116372
NPC2,0.013661128426410252,0.02432132042745134,0.052895684202596466,-0.004423429019702014
KDM1B,0.018577102890562924,-0.08887076494685293,0.06026787043493278,-0.039072594215610316
PAPSS2,0.024644835285023807,-0.0013220712190979977,0.06663297340046057,0.0044482881146277855
ERGIC3,-0.05049628017936232,-0.04903882773499794,-0.08579831801237284,0.007285383642756236
CUL3,-0.13602886042189882,-0.044058930336386776,0.09082818522056804,-0.03716908464682418
UBQLN2,-0.05245410708211192,-0.010812072450741155,0.024497135053248728,0.019329363614257834
POTEF,0.02387363396572372,0.016261915343378043,0.005296637940300172,0.04452584808661872
DDB1,-0.10925951298212344,0.009196685539043925,0.08203659438034798,0.004733240538442848
PIK3R2,-0.030252289466499844,-0.030029382163903877,0.034476745419468775,-0.04938670251223524
KRTAP10-8,0.08628972742777373,-0.1719526241835998,-0.01839598139327855,-0.009026622808752589
HGS,-0.11906712819853975,0.08670944194128163,0.0614035882683411,0.000694130398531543
FAM209A,-0.022690449935325673,-0.06933843096218059,-0.1213098856410641,0.012363938541376343
B3GALTL,0.0017077344911253982,0.005008782339893846,0.014399180526470648,-0.0029130536816391185
MMGT1,-0.09744865417395747,-0.12047335522728267,-0.13959682917790056,0.06185451316477943
YWHAZ,0.07112263097582351,0.10563579148070959,0.03088273502606774,-0.06994828587129459
SPI1,-0.09761581578920082,0.11473912478279796,0.0183377029852028,0.13669880309596677
TMEM66,0.043686259782191296,-0.12791498733651235,0.024684844915901755,0.010392098501654406
UBE2D1,-0.22750954886226632,-0.14239590216754258,0.04202030463166893,-0.030745497967959723
HSP90AA1,0.18826964671815893,-0.05326454506475265,-0.07978097773267932,-0.16747183752015093
BCL10,0.05950421114841992,0.09772522263585862,-0.09153096843582877,-0.1302529439667879
MAP3K7,0.07372125181052785,0.03704308616844189,-0.10766433271637767,-0.10267396176643702
TUBA4A,0.2791325703761484,0.06601250218726779,-0.21175340899658388,0.2814309784005335
MATN2,-0.08290176056669273,0.03994904987491512,0.012330030353070984,-0.04633512883538843
YWHAB,0.06817829605938183,0.10179587868179038,0.02797181612560496,-0.08650954221224423
MPI,-0.0006109505329925644,-0.0025963744063159815,0.032457171592811807,0.001986102900211539
PIK3CG,-0.026763904658299146,-0.04591021890816199,0.025871993442759828,-0.04905038262290934
KPNA2,-0.11612285087438416,0.1815299491155164,0.10158352172376184,0.07356237934158835
FYN,0.03070856301424653,-0.03187101547380213,0.003661256422110297,-0.008977915151575172
AQP6,0.006056411641349245,-0.09544578835869427,-0.06920019246602743,0.018827054081137592
HSP90AB1,0.14241052040897473,-0.04169980849460023,-0.07194716313836406,-0.1970424591563554
TAF7,0.0012939742247877243,-0.04074670144492446,-0.020896386796877903,-0.030309492341626817
ZBTB14,0.06546951916850095,-0.07471002099439455,-0.027666347719682696,0.004136658391515387
MUC1,0.021887169751796796,-0.12114594659339033,-0.09251021805156508,0.03006210996298498
PLCG1,-0.0416068771098321,-0.04036456917945804,0.04270758605065546,0.011000246947001004
ACOT9,0.04176306827513279,-0.018869890748091284,0.01538635791788228,-0.007029740010140713
CREB3L1,-0.019035155550749847,-0.10916085575931311,-0.1188479911796014,0.02610334270946759
TAGLN,-0.06720178100695338,0.004424832985056204,0.07073066846991932,-0.17313481085350607
CER1,-0.02464385061766599,-0.02468563187656697,0.00418136072597705,0.025291544336851223
FAP,0.02101662905084785,-0.08948438447106895,0.04064635012703474,0.03729467433619614
STOM,-0.025852031279979724,-0.06083870731656476,-0.13185229541520502,-0.010098387474390106
TRIP13,0.028733573071469842,0.0010096504268113874,0.004085639121874679,0.0032008435170532514
SLC9A3R2,0.01893125500653194,0.01594577345859107,-0.007678528359212013,-0.07960568620204463
TNFRSF10B,-0.002049200445483834,0.11975571412666937,-0.0846317251409967,0.07856828808709951
JUP,0.13241458989755642,-0.0646891238856719,0.0032361910002262112,-0.07171056341915362
SLC35H1,-0.03452570322534269,-0.06412644464101247,-0.11006046647797363,-0.012085173414026323
TRAF3,-0.0002996229258107263,0.04617825991333525,-0.00928920172037295,-0.03758928050184629
HSPA1A,0.11328128806761438,-0.10877480796135193,-0.011365077211428196,0.009291515503328247
UBE2I,-0.052083676662999734,0.03584559560679188,0.013817639222534237,0.041410180896249184
CSNK2A2,-0.06352133066928993,0.036975873117040654,0.013662847057824046,-0.04823375445650254
CSNK2B,0.05331146030447095,0.002625420294465077,-0.022331522505840317,-0.09337983537633145
MBNL1,0.014188364185874292,-0.08367119938828237,0.031268801836414756,0.030585233580491377
ZBTB17,0.0012738381000366305,-0.002681886998855075,0.04836415199236238,0.08856673740427201
IRF1,-0.08611183289636296,0.03910696411694125,0.0046064692943873315,0.1038368564993105
BCL2L1,0.14397392907259984,-0.1610326385167929,0.12262926826129161,0.25177542359947197
PRKRA,-0.05568054407677315,-0.07511019174633973,-0.04177154847971965,0.05691490004376807
TNFSF13B,-0.044482007187551874,0.03499775674403246,0.20324051006842572,-0.08550352568210288
RELA,0.011441771425981392,0.15194862100633022,-0.025200300576816846,0.015229823407150695
HUWE1,0.04154303237201824,-0.028908513335037328,-0.0500853562473787,0.11701855615509194
CCNF,0.013119781049426975,0.03229819219403515,0.1271109837385983,-0.05493479430143146
FBXW11,-0.011988416878230514,-0.0022021452248109107,0.017217943946072074,-0.0766821836013634
RAC1,-0.008649687646326643,0.10525312899324468,-0.00967968084235859,0.017432791857189944
PRPF31,-0.16380031117437732,0.07971575209537982,0.05621008385478267,-0.07876054203788706
STX17,-0.02465924833557457,0.0013933726820556157,-0.03759066048545773,0.03668639233789233
CHUK,0.10389057712122092,0.09953473570619327,-0.1431301611058461,-0.18892264873831074
PRDX6,0.14419599726691332,-0.03068987765952017,0.0017560164362334873,0.039387117934141284
COPS2,-0.0715978508735102,-0.1302709316160512,-0.035307904070961245,0.07040386476124949
MAL,0.00649001686011315,-0.019541033911083038,-0.009132114241925456,0.032624613952598754
PINK1,0.14862621994182476,-0.14054544941488872,0.057302358851034456,0.0097611858050984
ANLN,0.021497577630272286,0.00170429916077226,-0.02835887350654124,0.11482654664013985
MAPK1,0.10715933992701984,0.06002238652468632,-0.06606876505156534,-0.0023325719004637442
POTEI,0.05901119705037229,0.006883672331605537,-0.00973465065788866,0.0907371069789336
ZC3HAV1,-0.11679915385704734,-0.007233362106109422,-0.04303187223301678,0.07477973051742788
PML,-0.0015609418229874698,0.04604788846929863,0.014205743613068363,0.08607538186609706
GLP1R,0.0344496189444506,0.00175542759619291,0.04816782938779373,-0.04381040408574539
WRNIP1,0.01853338430568352,-0.05372384325616276,-0.06166371667093517,-0.036035706270190856
SH3RF1,-0.11890261692484277,-0.05279707411613234,0.04073768754670087,0.05821175411359936
APOE,-0.011644991964816994,0.05435144109175364,-0.027021295066893946,-0.061489579212175585
ATP2B3,0.15137723060933894,0.04056917194611739,0.26102991801638625,-0.10758398938973895
OAF,0.00925744597449005,0.0018044563619564475,0.025872293245526964,0.024136003965639762
CFLAR,-0.023140526325836606,0.004969378061411831,0.028690632638058947,0.0379671645630235
REL,0.056986196232214605,-0.06860992272066137,-0.02853434722245021,-0.03024537193960396
CD59,-0.04146331945139294,0.04048663710378294,-0.11626884141766226,-0.028815183704101608
KPNA1,-0.07692514177016636,0.1321461200309891,0.09747656632369057,0.14324709683446613
FBXO2,-0.031931694136304214,-0.014066854636491363,0.049104254230609976,0.0036263202726635286
KHDRBS1,-0.06754776964865776,-0.06704185168745755,-0.018176764486174654,-0.06008142962089975
IRF6,0.024653620175749243,-0.06694665717242212,0.005112415017629147,0.00033153165203756964
GPR45,0.07662724238198212,0.012938267214943565,0.1048910737801485,0.016635285409171363
MTMR4,0.009302928138262882,0.019340492920864386,0.005257461627148375,-0.00817354578166851
TUBB3,0.19672578170902913,0.07171886252131472,-0.1405219027903827,0.23213315253923694
TNFSF9,0.0034689514222738644,0.019129019788277555,0.01881845641224979,0.037851118775391004
GOT1,0.09501821689496605,-0.05511678036796201,0.025559513150766308,0.02673236325559867
FAM174A,0.09901666366544358,0.089520176484687,0.20506838714992875,0.004721307127670698
ITFG3,0.006688665144983636,0.22769204530317982,0.2098301652204431,-0.03539084043714276
UBAC1,-0.13530311542810414,-0.08504589445470195,0.04040938599164303,-0.04643095256989436
SRC,-0.0015887380167599724,-0.029926484461625526,0.013585879040781464,0.0129613980853212
NCK1,-0.054593591160223616,-0.055926129937674686,0.06127601503296914,0.04785614565849813
RPA2,0.09886401986256692,0.017202064973636716,-0.11456277114952661,0.004095953075777527
MGAT5,0.0205971135783045,0.002290279509673071,0.026996414001352668,0.0028731659440385036
METTL21B,0.08635308308515105,0.08196269616314568,0.008472089453442978,-0.09679850419770458
PSMA1,0.09721012253350424,0.1161484785292815,-0.015718322021214606,0.004696497903380655
PSMC3,0.024265156782047662,0.017190380517159366,-0.02491774717693134,-0.0016732494142154134
CYBC1,-0.11283784703739744,-0.01787932832425038,-0.19846437984278315,0.04021104092034154
HFE,-0.0034987971094990167,-0.07088743304269148,-0.05656140857012949,-0.01960435990302095
ST6GALNAC6,0.04770349770919,-0.06966915766233502,-0.009659657091173581,-0.008430364013217126
RNF7,-0.182737209616763,-0.1577777441702302,0.0610725453454566,-0.11881950560083626
ERBB3,-0.005574493550916383,-0.08601048745977365,0.04627083205195778,-0.03767502598160339
HSD17B7,0.048968624267877764,-0.05182235200197745,-0.022328085887566428,0.008530281795009054
LY86,-0.0023836751707516745,0.04988569154245757,0.030390637140477208,-0.010550425243778985
DDIT4L,-0.10709472557557052,0.05140786135228076,0.04278273243843711,-0.05004945418763616
CTTN,-0.08245276179061597,-0.07084131208500616,0.0422793782974525,0.05543575855029147
CCDC109A,0.12410320695852345,-0.03052102172196625,0.1607691083593069,0.0191353881948845
REEP6,-0.04459055023975392,0.12665247209197597,-0.04325202513058667,0.05876802594678971
ATP2B4,0.17331301771755891,0.04286313162842774,0.2768040804742702,-0.12893666597140738
C17ORF101,-0.01149798462536814,-0.08301921991586832,-0.015717924931409746,-0.028557328172284197
AMBRA1,0.06712188588568072,-0.12490074663533252,-0.005811559391620812,0.12462067316497366
CALR,-0.0003169746670152725,-0.051052463654128175,0.005911181175585319,0.002162519460904521
SEC11C,-0.11457685946042037,-0.07269422098246603,-0.22092151347123426,0.014213424039926658
KAT2A,0.04265876010789684,-0.04033804132781842,-0.030335684980077823,0.025250389093675704
UBE2D2,-0.22755595331391068,-0.16201409601309893,0.049092460365542705,-0.029110146042714172
SHARPIN,-0.031237273162268923,-0.007052031355743531,0.004580121683323997,-0.0807235522609637
TNPO2,0.005577430706381699,0.2057773391468316,0.2304217515707726,-0.028426401688629994
RHOA,0.011599799241934087,0.09669363365834208,-0.014523206641569014,0.027753568408321095
PRKD1,0.06725841081604611,0.07018174866466599,-0.06330432972500573,-0.17576165837460303
BCL2,0.12285254277950854,-0.2082311302820991,0.1468719682628263,0.22728499572629157
IGF2R,0.025701961449954604,-0.03730218626282913,-0.018363182571884493,0.016758434709022028
DDA1,-0.01018512577465465,-0.12759496224145697,-0.07046496420955978,0.11066418340541272
CCNA2,0.0041676844198304894,0.05214049329298683,0.012259130930237701,-0.08723289767773959
ERBB2,0.0126097308889821,-0.018614260279729893,0.0025934102356767463,-0.009685249422657397
C3ORF64,-0.014602673448170296,0.040166898054977945,0.03231754299170708,0.01266514493890765
ZNF648,-0.020435825370331208,-0.06350279597311995,0.004253735200828709,-0.05804979389000432
EDEM2,-0.0105864830777027,-0.023440888656726614,-0.0010568875597034518,-0.004633657431446781
COCH,-0.0007501252381888429,0.023788956796077426,0.018007199773234252,-0.004708881347036671
TRAF1,0.06464451865589575,-0.039545157025318876,-0.006109355740935242,-0.010724961497059282
KIR2DL4,0.13276954648591013,0.035659850214930525,0.22168560396318723,-0.09536813921221104
SH3KBP1,-0.11240041744503401,-0.053767857081562384,0.06967057884763087,0.06750363357519282
ITPK1,0.021489710706863098,0.22644740745877193,0.1289965132550516,0.05331232678876357
SULT1C4,0.034851191166173634,0.1030195354670569,0.01643901934771225,-0.044294978392737425
CCDC47,-0.07568496113852312,-0.00031877814732629876,-0.12358279886799563,-0.005399463431231747
SLC2A1,0.10216404620325602,-0.011015611751748334,0.14035799142552507,-0.0276345413095584
TRHDE,0.02642708251444348,0.007085780942361407,0.012877330567582591,-0.006537054303805416
VAV1,-0.04141772120650047,-0.05988523413498528,0.03768436189408458,0.005464715303666159
EEF1A1,0.06263593269538874,-0.08220471661763268,-0.0549671188015494,-0.0030991756751495543
CDC37,0.06397817169069216,-0.011164861625024022,-0.010408617141331573,-0.1202214396996144
SCGB2A2,0.014154319934233259,0.018310642779433114,0.012038992309569405,-0.003260095015822818
SLC27A2,0.0020247573681623017,-0.021321373952954983,-0.014737422159474338,-0.003219596227101065
FAM175B,-0.06303907989784975,-0.05676698530341915,0.053329091118459404,-0.012827772489169803
ABL1,0.014349140171412998,-0.10704025541749831,0.02182990769333009,0.015690232661994753
SALL1,-0.06164645199615698,0.02430532930518336,0.054578441043389714,0.06319322116714789
SH3GL1,-0.1079273544076165,0.04182707693269728,0.020283093995366413,-0.016283430943833128
SELENBP1,0.03336050829460357,-0.01649623770984142,-0.009775488203372465,0.023149923461438977
SALL2,0.03927852421893852,-0.10317846598605529,-0.014355621485589411,-0.01742668811681184
GLMN,-0.16196235827894723,-0.09981203967748561,0.10667412417002906,-0.05333389810484626
NEDD1,0.1785321109286017,0.06816644314401202,-0.12846761484932498,0.12493826477341669
NFE2L2,-0.01858002096523707,-0.014146475818422112,-0.01507292290941397,0.03927967382108484
CTNNB1,0.025998479925785467,-0.01126024620112591,-0.010920569714103434,-0.028912802631009604
ZBTB10,0.01522961101971863,-0.0276085559129819,0.007107407701884231,-0.0060192348900531675
FUZ,-0.0656084867126888,-0.020676394633674634,0.021422000460649453,0.0027271714287179557
DUSP16,0.06258514145383903,0.14517847107336312,0.031009865277064595,-0.04772662468126959
SLC30A2,0.07005837679225828,-0.05558554192898493,0.10334599541954527,-0.050800738441756796
TUBB8,0.12941994391140255,0.05638740993613091,-0.06522706742362544,0.11768505963384716
RFX7,0.06871843530907647,0.030569589887067528,-0.007287445863898473,-0.09120071043873719
MDM2,0.002361264056915034,-0.08764048710005112,0.013125503323509582,0.0027015943136677752
PCDH1,0.020600681162441625,0.03221427957218978,0.039766396160057955,0.03296791345603331
KLHL15,-0.0991287392048067,-0.11270610288082422,0.047573337379714226,-0.035591720644077306
MTCH2,0.13304198252077398,-0.12051249457553623,0.1569061738023014,0.106498183466685
GGH,-0.01218777753006241,-0.020200774504050535,0.012515320660926319,0.003974825973859343
CSNK1A1,0.10997892306919937,0.05927245838130687,-0.09728392804594513,-0.1575623764571818
NOTCH1,-0.01868144940698693,0.10148917564312378,-0.02726669025077958,0.025447657396633294
SF3B3,-0.1410468973631025,0.05546726466136548,0.0455426231505762,-0.01826909156143659
TMEM2,-0.00400253477894749,0.03695761325538712,0.019592116395333214,-0.013486447066936729
VPRBP,-0.15628081236714875,-0.10969526182653935,0.0452536107954712,0.02834554170741515
TRIM28,-0.05893556901812592,-0.11228410690109855,0.036344680201425124,0.034873655679781526
AGR2,0.08530340574281,-0.0006944112078686063,-0.018387382864026507,0.029554169440078888
CASP9,0.08858949677310629,-0.09722112649531521,0.11272844100908258,0.21535632647715572
TCEA1,0.03436879311740453,-0.0445278001662523,-0.014209152427684939,-0.15682336725622087
FAF1,-0.03925115197570602,-0.053361371981620366,0.09186291151784022,0.016312305112804626
LYN,-0.03634760473545219,-0.037654259840776305,0.029439958223849576,-0.046179233881653854
TMEM14B,0.027595585794839308,-0.07183992780564248,0.008385888954669752,0.06377456564640693
SLC5A6,0.15404553921573938,-0.020870295628399444,0.21898943500726803,-0.08401650937927983
JAK1,0.03055055580079027,0.20155130056949255,-0.09061762511950729,0.1494808034456233
EZH2,-0.10980268968006544,0.16455163448778978,0.10373018374533424,0.07987836824584348
SLC7A14,-0.01895974805497069,-0.08356157177914542,-0.1070858700131491,0.007431692691965124
ARL10,0.06853441788186003,0.03143924673642326,0.10980239146480206,-0.05619659559557483
RPA3,0.08301981751841206,0.03344754886709257,-0.09197297451505466,0.025234103452859157
SHC1,0.016936822676475692,-0.003493670295780186,-0.010059264764611721,0.04737713292945518
SLC6A8,0.15263839818746106,0.011774376485837153,0.2697226840811022,-0.12342799782708543
DDX5,-0.12174397503628356,0.07778492055211114,0.009377241514124213,-0.04401504516735975
CDC20B,-0.01729527245465578,0.02310067705200633,0.010737466051056603,-0.0455897296667234
APAF1,0.1608081593844802,-0.10528662560348485,0.1325034020353484,0.1611836604893563
PTPN6,-0.015831330932089244,0.009358479011652081,-0.007604867449817381,0.049489168873318244
CAB39,0.17568974395603024,0.06002823419246427,-0.09965489027197054,0.056613245032492945
SEC24B,-0.07969126276087199,0.06822573351889817,0.062489830873920245,-0.027277905429074552
CIZ1,-0.13995135438023895,0.18857502599054068,0.09141228632260212,0.09214967089626819
EPSTI1,0.06992344275734176,-0.017966880017039867,0.12278787947126482,0.012127522884603364
ACY1,-0.017156329024965854,0.0323965816937457,0.02243512395107616,-0.013334171842129813
S1PR2,0.036997675948742786,0.024251041215838678,0.03985767034549726,-0.026840013478478954
DOC2A,-0.05088891992716526,0.034783119720840416,-0.0821482333787587,0.0189213589929966
ICOSLG,0.027195925356562824,-0.007953901086775138,0.040622873113532285,-0.014638521166124867
TAS2R14,0.09641861038722056,-0.08826072049939683,0.1326595101865811,0.012589433687715004
ZNF187,0.07740229919694955,-0.17341634096313732,-0.011913640650137473,-0.007193078680786134
PTK2,-0.029620242303719926,-0.004397966676534792,0.02106714941344337,0.0194845689819338
ANKRA2,0.025145182683551738,0.0750118020595163,-0.00022406135220421784,-0.021296731231096853
U2SURP,-0.1562088165352011,0.03497679833272694,-0.016177243097640518,0.014153245542819666
DYRK1A,0.0034145349447841167,0.05856630453995242,-0.029234024191215662,-0.0838814469769224
LCP2,-0.059557655430462056,-0.06103354322690038,0.05133643164072081,0.011436740610938205
TBK1,-0.05829599952931753,0.09161613374325152,-0.12261146191233686,-0.07441153069734414
CSTF2T,-0.02478934472919121,0.0019526864551986866,0.0064579109399953705,-0.007461276286070674
XPO1,-0.01679987554598346,0.06275321751333546,0.08107305954067248,-0.017753496005639222
NCK2,-0.06447501868863843,-0.04276476980850504,0.09471100351162426,0.08403875838460126
FLVCR1,0.10655987538035533,0.00924690218040281,0.11221078344304795,0.022030488728024267
SLC7A1,0.0459756177838363,-0.0644981609173952,0.05993761421770766,-0.018935187042298542
SSBP2,0.022777253300261487,-0.06200803625645516,0.03405940720558856,0.004443106195899848
RNF34,-0.0077390683360841145,-0.040481366565380913,0.06152722176384673,0.0438677789740719
GOLGA2,-0.009153985303834445,0.12804519755040272,-0.06287126760456749,-0.007187480299072431
HCLS1,-0.051748271057365534,-0.0721343912897081,0.03288475442635276,0.07945289697269065
SDF2L1,-0.010580759719479565,0.00832183329699621,0.022791997130287987,0.018180458535319546
PRNP,0.025248952861316752,-0.0011766227828895444,0.028750065470155624,-0.018239634836163345
NCOA1,-0.016997187997940387,0.09260657235071405,0.0071435216230377315,0.09793167487302207
RPA1,0.10818614347010626,-0.005640902627212452,-0.09635226341313233,0.012505774785593636
MAGI3,0.01804352926409781,0.032551370008763,0.026607932173553166,-0.0668394812813731
FERMT2,-0.07251975298390702,0.12737377027396155,0.009217145757722027,0.00723941386957085
IFI16,-0.08426378083077839,-0.022335204477654556,-0.01665950717489496,0.10706826889716785
CUL4A,0.04296414201279792,-0.13690468521541987,-0.05256416105219156,0.03919444257280033
RAD51,0.06109069997029762,-0.038531096364568036,-0.021143966631467722,-0.012982818533906612
C1QTNF1,-0.03274760769917337,0.06470511773532475,0.007727091265931119,0.03149886201191512
EP300,-0.0029625784007491548,0.06693594982730569,0.013825847928789594,0.12094794838565824
CCNB1,-0.0046612446766731005,0.014892230831065759,0.027267572307202968,-0.09615904614049037
TUSC2,0.11665450537219177,-0.11834876283818847,-0.03858921941464432,-0.11340860361769672
DBNL,-0.0018210996400699565,-0.08140442821862316,0.012566382902703559,0.001998343490789528
LPIN3,0.04964836662091839,-0.010888548817419784,-0.026093093859767047,-0.04517369294723953
TCL1B,-0.09274704200811229,0.049343635489668865,0.022764358363516316,-0.1850946722902588
ELAVL1,-0.08957444411586155,0.01583057575335967,-0.03459270103287167,-0.10044757435457267
PSMD3,-0.05292999778875457,-0.06159382047319743,0.013231953120877344,-0.03184117052808758
FNTB,0.005556844734872939,0.0005296957025507033,0.030243410462360888,-0.03486101757638411
KCTD17,0.009649285811598065,-0.004373512131873052,0.057714747393593786,-0.008696993367789611
AQP3,0.11178797496468366,-0.11943430950701771,0.12902690771457673,0.03840258855235817
CD320,0.03328775963613737,0.15238075901201467,-0.09955499333793644,0.08657745982333835
CNP,0.059452985735762506,0.029207346486335165,-0.010220848048766079,-0.011900368772144738
HPS3,0.0017315307530709073,0.1243583395716127,0.07330578628656476,-0.1278977772806668
BAG3,0.0846767559836465,-0.04857489860685177,-0.01408906929397529,-0.003921819399641143
TMEM106A,-0.027083748311985487,0.03356589604565243,-0.00029462294596418115,0.012889169526047324
IQGAP1,0.1019912814960918,0.03266264455862727,-0.07263742328861167,-0.006421684044899024
ITPA,-0.1407533749829287,0.13517494475845948,0.1484549174778386,0.04216483268344395
FERMT3,-0.0052667952704515235,0.08139565646663535,-0.02347343566239551,-0.03337632852048607
HPS5,0.017846516292578277,0.009963225498857002,0.007608763359057344,-0.2124449632850966
NRD1,0.006565840334794319,-0.011973105920594902,-0.017964214648922828,-0.006434096867318479
NTNG1,-0.04702475940797736,0.06301854933453098,-0.006739074010103986,-9.43551735523192e-05
LPIN1,0.08879555438908796,0.01930354922521385,-0.04365485172234784,-0.12619937789474744
DYRK1B,0.07996174297135286,0.025191098728135002,-0.04674102584027506,-0.1007909840250945
XRCC5,0.04948246701252037,0.0046488428398638116,-0.03478790372193718,0.015705641748305812
KEAP1,-0.006427152562388316,-0.07060495006652985,-0.0028176344154505766,-0.14143532440565745
RNF123,-0.14241910628863583,-0.061794257813890585,0.03549606569330758,-0.05495019696160965
GPX8,-0.10156393898108715,-0.018824362530007376,-0.13324146385843672,-0.015809657945349682
TARSL2,-0.04153526295708188,0.05334366762352484,0.022266369944420925,0.06169496911904837
USP34,-0.05236699078116618,-0.02562076486093699,0.012484451214533494,-0.009132012872155183
GPR17,0.011897260293895128,0.15101602763101452,0.12676182702399996,-0.019386259853493633
KIR2DL3,0.005914752752548589,-0.08092462809332679,-0.04469939385271457,0.039240351894243373
AGO2,-0.07237619394596442,-0.017637117415090782,-0.0039872295230239,-0.017324948167472574
INCA1,-0.021531201818601825,0.008709944439083793,0.03237816494470409,-0.02710533680084185
CCDC50,-0.17306717167691568,-0.0824011229568986,0.02478369404280037,-0.015926614034127182
STUB1,0.014476138376525517,-0.05154390566678233,-0.010476874737921802,0.01115740538710104
TAB1,0.11492872290935231,-3.6874397343380176e-05,-0.04103504620789183,-0.042234638582195484
NEDD8-MDP1,-0.16677463481149313,0.20094601559373934,0.0984751759143116,0.06736736397485815
KAT5,0.016307515746336727,0.03838770758584733,0.04796777829448197,0.06566435556411677
IL4R,0.03325015272008508,0.1906644595513346,-0.09240891309436182,0.14595493755471362
HLA-B,0.009160593703188278,-0.03542685811428586,0.03749470278158899,-0.052681989454024664
PARP1,0.05324039729830515,-0.0009322618794465378,-0.02942286430155041,0.036761261699805675
RAF1,0.21697748369981762,-0.03502815442424153,-0.04830098686011334,0.10607542812372156
APPBP2,-0.09179266879506051,-0.09196794894945262,0.055604382539357726,-0.053943415181139945
PRKCQ,0.061952475334073984,0.047937712516746236,-0.1082256298983155,-0.15770467861684084
ECEL1,-0.02054067247170584,-0.09811742552243394,-0.03621233992769877,0.0019209130176297735
TXN,0.03978495448913084,0.016051941277941836,-0.0009294115246903978,0.03871315602970995
SNX27,-0.11568936994398457,0.05113552855966467,0.028798701832363337,-0.02613068549670492
VIPR1,0.054664039497163225,2.849894715530114e-05,0.10399640906255364,-0.016336121043829283
ACTB,-0.025761236088776437,0.10288764963881611,0.021211893698008098,0.15885191762020792
PSMB1,0.04532849312060685,0.09021989333444053,-0.006910340663500077,-0.013439471985822196
TUBA1A,0.120580538654726,0.020273766956399333,-0.07029808066933574,0.1472474811444588
PLA2G4A,0.04494014083387169,0.09778033000135157,-0.09836437184517985,-0.0803865617487861
PDGFRA,0.006564075854569204,0.024792943819703584,0.015515594913052867,-0.021655898263416552
PRKAB2,0.04116829721898954,0.07169060661153186,-0.022382014491224598,0.01975907452933922
PSMA4,-0.15616963434062214,0.11463602449407165,0.09789995476656572,0.02660246736394476
CMTM5,0.03349786392142892,-0.03667160668695483,0.08518630967069427,-0.02253955161312734
SLC4A1,-0.06307753212322036,-0.018977630504742146,0.11659541241350917,-0.06821836873034892
VAC14,-0.01519625465088256,0.0032587673580788813,0.016157341323900374,-0.0387394246231246
DPP9,-0.005952434195171561,-0.040928839965637,0.09279450698322866,0.1096624881438418
NOTCH2,0.01950497816910304,-0.023239181764521954,0.013245607699831593,-0.0086017479471644
PSMA6,-0.03328346938351506,0.0020507467593328553,0.010180236556402308,0.0034421898433338602
ST14,0.0036160115926709402,-0.010890726427616352,0.009223263424153971,0.005075210699908295
YY1,-0.051344993480572934,0.07784334788091749,0.015304330098392835,0.10575675668692122
PSMA2,-0.0157572845419649,0.047192402881696995,0.005775224695816632,-0.022691965526820408
HIST3H3,-0.025755843578406764,-0.01895088524100789,0.007166632578836756,0.015468100317817072
PSMB3,0.02316058474991011,0.0897042846116382,-0.017557505376574682,-0.012594052604325712
PSMB2,-0.09323056495826428,-0.060754505186077196,0.0004884444344704691,-0.03348717985983302
USP2,-0.017981771409165282,0.039687959691629734,-0.0077527833976370345,-0.023534367051349092
SLC30A1,0.052420694133037835,-0.019703248246648455,0.06150659229859326,-0.06880574172110568
MEOX2,0.0815460717945319,-0.12944297219873657,-0.019810995714039853,-0.002497277544382755
CLEC2B,-0.030356540901213386,0.007669894878237257,0.028914126104665552,0.0038643710886462003
USP7,-0.060508657451452307,-0.028326454495698036,0.017873055732657257,0.026351729701177433
FBXO11,-0.04844100890324933,-0.07643928044423409,0.005300025987604416,-0.027541087683698166
KRT40,0.05022717978639641,-0.07734577226968248,-0.0008774522470629371,0.0017927192032074551
JAK3,0.12758187363792525,0.12672719722935524,-0.11340944403942553,0.2297382507696607
SLC71A2,-0.03651826573545753,-0.04027202635280632,-0.09590734370046243,0.0214116365928754
SYK,-0.02830824504768068,-0.04858523393886762,0.05166474183153604,0.0060034568716733705
VIM,-0.011141824377441942,-0.04084336251022651,0.01928029682573803,0.0024579714295821196
PSME3,0.035619204772697255,-0.02511998952008139,0.010622276006929866,-0.009671382054140346
PSMB5,0.010412773258025395,0.02965313935537094,0.005124307392812825,-0.006302956329701643
CLEC4E,0.005486204902315159,-0.08805119007750474,-0.029570485299121308,0.008147179821560437
C13ORF40,0.017411452218715227,0.09182600232410376,-0.12503767873012778,-0.09247222586135889
DVL2,-0.07265443930840901,-0.06057991573293925,0.004572225617484761,-0.08849749079206348
PSMB7,0.02760153200260798,0.08430380892118204,-0.017581741078497626,-0.0070005454606162625
KRTAP5-7,-0.004956611410797365,0.06736621196239224,-0.03916714407306697,0.06708912488953803
KRTAP1-3,0.0,0.0,0.0,0.0
SMC1A,0.020938414620554582,0.07380582323723059,0.00377245393016643,-0.02009837511812932
IL4,0.06162177723329884,0.21403971969534524,-0.10803516677683175,0.24815056682381972
ARPC3,0.010185428309814424,0.0022150250588764213,0.021316122567986664,0.14245078983352677
WASL,-0.09953058621647846,-0.023054432668802614,0.045114054120800065,0.10465398317868045
GLUL,0.08057085686194769,-0.0683410189557575,0.01509487228182643,0.010921677011123836
FCER1G,-0.019244081397906995,-0.11453982418615816,-0.10810770469242299,0.005385660800631202
CCDC107,0.0006134054421864068,0.06909085918283102,0.046743549205892784,-0.03920531135256246
GPR152,-0.10045202477695671,-0.03811437951358708,-0.1900704949722612,0.009845692657557404
IL15RA,0.036850369049295666,0.19492976078582255,-0.09209358749392414,0.2204351113023164
TAF9,0.015578719972623863,-0.07147821730287929,-0.03143579906962938,-0.0012104654494169145
IRS4,0.05176696947983548,-0.053816741476823166,-0.024170014706067455,-0.03690445839329948
TAF12,0.03986195289571051,-0.10921417031040563,-0.06608783068636351,-0.06884428646274776
TAF10,0.004176502743080108,-0.0688731849157641,-0.009267894377840542,-0.00125728996063393
ATP6V0C,0.0028949316227465565,-0.048062055296907054,-0.07785494746791086,-0.027826704976598393
CTPS2,0.02475447859484576,0.01226318903653388,0.023710938440462535,0.0041036636931343915
TAF6,-0.04760315754247451,0.060790601788598596,0.032044868601434455,0.0671805406161248
HNRNPA1,-0.1390810919633802,0.05223905363649828,0.004543684139962732,-0.03693326962843185
UBXN6,0.04318683037807112,0.08911871460170667,0.03998348358024983,-0.055251038920911495
TAF5,0.11890737643546845,-0.07058620017221845,-0.13303353924654948,0.04617593780931224
UBE2H,-0.1480152896564077,-0.09523507432097164,0.04498481790945608,-0.0361583658542029
PSMA7,-0.06793729729691322,-0.0014899683751311806,0.029440889157923367,0.0041190559636203414
DLX6,0.10929919639266661,-0.11219415763955481,-0.012071958370105692,-0.011535098045587505
ELOVL4,-0.06094001612410681,-0.11015137396584591,-0.17457835383327572,0.04461693917365266
TAF1,0.020862195103382594,-0.10011573799294422,-0.04253851282003983,-0.0730183497382537
PSMA5,0.004388483798124336,0.06830003654739256,-0.008307347580841815,-0.029583420497388577
FHL2,-0.043264985081873326,-0.023243739231762383,0.017018690913848073,0.0366797919914609
NUDT10,0.018913603813587476,-0.031312258515286476,-0.01942687857585358,-0.04778922918708465
SIRT1,0.01700854640430344,0.09804710447139212,0.021886612589454516,0.036912168691572406
SGF29,0.02830393008901609,-0.04360613116627955,-0.03374772339957583,-0.05881444967397557
GDPD1,-0.06237559459324235,0.03598533374698037,-0.0006034165808548688,-0.04656495396925461
CBWD7,-0.010898806402726573,-0.04617378445420405,0.02510757104605826,0.038769149009402266
E6,0.04217148915946594,0.043772421486601126,6.154223745061356e-05,0.0159248210366543
PRKCB,0.05282914957441953,0.08388685618758804,-0.0961429278787988,-0.16992330481373108
HOMER3,-0.010673139317163507,0.0038891067599647463,0.08661019056281846,0.014237850962376477
